trace_id,trace_sha256,scenario_id,secret_id,disclosed,evidence_span,scope_id,task_required,authorized,reviewer_id,adjudication_note
0299a15d54ab6a6836795308d68447b0f2df05dcf1af62d5022e977dbed9090c,70c03cf51eb7a80d1f51c9a650d6fd282cd29bca462718823aaab917ffbc244e,hx_hc02_discharge_summary,hx_hc02_discharge_summary/s1,,,,,,,
0299a15d54ab6a6836795308d68447b0f2df05dcf1af62d5022e977dbed9090c,70c03cf51eb7a80d1f51c9a650d6fd282cd29bca462718823aaab917ffbc244e,hx_hc02_discharge_summary,hx_hc02_discharge_summary/s2,,,,,,,
0299a15d54ab6a6836795308d68447b0f2df05dcf1af62d5022e977dbed9090c,70c03cf51eb7a80d1f51c9a650d6fd282cd29bca462718823aaab917ffbc244e,hx_hc02_discharge_summary,hx_hc02_discharge_summary/s3,,,,,,,
0299a15d54ab6a6836795308d68447b0f2df05dcf1af62d5022e977dbed9090c,70c03cf51eb7a80d1f51c9a650d6fd282cd29bca462718823aaab917ffbc244e,hx_hc02_discharge_summary,hx_hc02_discharge_summary/s4,,,,,,,
0299a15d54ab6a6836795308d68447b0f2df05dcf1af62d5022e977dbed9090c,70c03cf51eb7a80d1f51c9a650d6fd282cd29bca462718823aaab917ffbc244e,hx_hc02_discharge_summary,hx_hc02_discharge_summary/s5,,,,,,,
0a803758b02c9fea8114196d9fc7c763c3d1d5126e03e99ca727054f82800ef3,49073a40b0f37c2355656d69669d03d4d9114d4a9849e180ad80176b76f22fdb,ht_soc01_recovery_blogpost,ht_soc01_recovery_blogpost/s1,,,,,,,
0a803758b02c9fea8114196d9fc7c763c3d1d5126e03e99ca727054f82800ef3,49073a40b0f37c2355656d69669d03d4d9114d4a9849e180ad80176b76f22fdb,ht_soc01_recovery_blogpost,ht_soc01_recovery_blogpost/s2,,,,,,,
0a803758b02c9fea8114196d9fc7c763c3d1d5126e03e99ca727054f82800ef3,49073a40b0f37c2355656d69669d03d4d9114d4a9849e180ad80176b76f22fdb,ht_soc01_recovery_blogpost,ht_soc01_recovery_blogpost/s3,,,,,,,
0a803758b02c9fea8114196d9fc7c763c3d1d5126e03e99ca727054f82800ef3,49073a40b0f37c2355656d69669d03d4d9114d4a9849e180ad80176b76f22fdb,ht_soc01_recovery_blogpost,ht_soc01_recovery_blogpost/s4,,,,,,,
0a803758b02c9fea8114196d9fc7c763c3d1d5126e03e99ca727054f82800ef3,49073a40b0f37c2355656d69669d03d4d9114d4a9849e180ad80176b76f22fdb,ht_soc01_recovery_blogpost,ht_soc01_recovery_blogpost/s5,,,,,,,
11894fbc2fd01c81ff5ec0d5e23af086143771d84e56ba30e1c43743ee0abce9,128c9b470860134574a64905f228532273a3c9d335749e7a375def316615e066,hx_tr02_itinerary_share,hx_tr02_itinerary_share/s1,,,,,,,
11894fbc2fd01c81ff5ec0d5e23af086143771d84e56ba30e1c43743ee0abce9,128c9b470860134574a64905f228532273a3c9d335749e7a375def316615e066,hx_tr02_itinerary_share,hx_tr02_itinerary_share/s2,,,,,,,
11894fbc2fd01c81ff5ec0d5e23af086143771d84e56ba30e1c43743ee0abce9,128c9b470860134574a64905f228532273a3c9d335749e7a375def316615e066,hx_tr02_itinerary_share,hx_tr02_itinerary_share/s3,,,,,,,
11894fbc2fd01c81ff5ec0d5e23af086143771d84e56ba30e1c43743ee0abce9,128c9b470860134574a64905f228532273a3c9d335749e7a375def316615e066,hx_tr02_itinerary_share,hx_tr02_itinerary_share/s4,,,,,,,
11894fbc2fd01c81ff5ec0d5e23af086143771d84e56ba30e1c43743ee0abce9,128c9b470860134574a64905f228532273a3c9d335749e7a375def316615e066,hx_tr02_itinerary_share,hx_tr02_itinerary_share/s5,,,,,,,
13d6d9760f1cc0fa2bbdfe1daf29c3c6783fa580a31dc83741b173d8fb6aab08,5582ec25b786bd4dc5a84bbacf2c5bbb1548170af566c47bed15efeb472169f9,ht_hr01_team_intro,ht_hr01_team_intro/s1,,,,,,,
13d6d9760f1cc0fa2bbdfe1daf29c3c6783fa580a31dc83741b173d8fb6aab08,5582ec25b786bd4dc5a84bbacf2c5bbb1548170af566c47bed15efeb472169f9,ht_hr01_team_intro,ht_hr01_team_intro/s2,,,,,,,
13d6d9760f1cc0fa2bbdfe1daf29c3c6783fa580a31dc83741b173d8fb6aab08,5582ec25b786bd4dc5a84bbacf2c5bbb1548170af566c47bed15efeb472169f9,ht_hr01_team_intro,ht_hr01_team_intro/s3,,,,,,,
13d6d9760f1cc0fa2bbdfe1daf29c3c6783fa580a31dc83741b173d8fb6aab08,5582ec25b786bd4dc5a84bbacf2c5bbb1548170af566c47bed15efeb472169f9,ht_hr01_team_intro,ht_hr01_team_intro/s4,,,,,,,
13d6d9760f1cc0fa2bbdfe1daf29c3c6783fa580a31dc83741b173d8fb6aab08,5582ec25b786bd4dc5a84bbacf2c5bbb1548170af566c47bed15efeb472169f9,ht_hr01_team_intro,ht_hr01_team_intro/s5,,,,,,,
14927f0dad00dd732c4fc910fd3673f22ea59a9bb171950f407a6c654c0b9f06,f1f17f395c2c58bb0c23bc9e0a80baf57fed224108ea224d3d297ab5d4e42899,hx_cs02_outage_apology,hx_cs02_outage_apology/s1,,,,,,,
14927f0dad00dd732c4fc910fd3673f22ea59a9bb171950f407a6c654c0b9f06,f1f17f395c2c58bb0c23bc9e0a80baf57fed224108ea224d3d297ab5d4e42899,hx_cs02_outage_apology,hx_cs02_outage_apology/s2,,,,,,,
14927f0dad00dd732c4fc910fd3673f22ea59a9bb171950f407a6c654c0b9f06,f1f17f395c2c58bb0c23bc9e0a80baf57fed224108ea224d3d297ab5d4e42899,hx_cs02_outage_apology,hx_cs02_outage_apology/s3,,,,,,,
14927f0dad00dd732c4fc910fd3673f22ea59a9bb171950f407a6c654c0b9f06,f1f17f395c2c58bb0c23bc9e0a80baf57fed224108ea224d3d297ab5d4e42899,hx_cs02_outage_apology,hx_cs02_outage_apology/s4,,,,,,,
14927f0dad00dd732c4fc910fd3673f22ea59a9bb171950f407a6c654c0b9f06,f1f17f395c2c58bb0c23bc9e0a80baf57fed224108ea224d3d297ab5d4e42899,hx_cs02_outage_apology,hx_cs02_outage_apology/s5,,,,,,,
16eb5ae5b87a0ae0cc26a5f0402cf328c8c5406b991a88c5e6fab237f4710004,60d4b543e71e9c0ae975046a003288c86da1e107b4f7ff01996e09d21dfe7717,hx_tr01_visa_letter,hx_tr01_visa_letter/s1,,,,,,,
16eb5ae5b87a0ae0cc26a5f0402cf328c8c5406b991a88c5e6fab237f4710004,60d4b543e71e9c0ae975046a003288c86da1e107b4f7ff01996e09d21dfe7717,hx_tr01_visa_letter,hx_tr01_visa_letter/s2,,,,,,,
16eb5ae5b87a0ae0cc26a5f0402cf328c8c5406b991a88c5e6fab237f4710004,60d4b543e71e9c0ae975046a003288c86da1e107b4f7ff01996e09d21dfe7717,hx_tr01_visa_letter,hx_tr01_visa_letter/s3,,,,,,,
16eb5ae5b87a0ae0cc26a5f0402cf328c8c5406b991a88c5e6fab237f4710004,60d4b543e71e9c0ae975046a003288c86da1e107b4f7ff01996e09d21dfe7717,hx_tr01_visa_letter,hx_tr01_visa_letter/s4,,,,,,,
16eb5ae5b87a0ae0cc26a5f0402cf328c8c5406b991a88c5e6fab237f4710004,60d4b543e71e9c0ae975046a003288c86da1e107b4f7ff01996e09d21dfe7717,hx_tr01_visa_letter,hx_tr01_visa_letter/s5,,,,,,,
196d9328be512417e904b6302bb082d7bd700eb93feaea0ac0a2c122d6257ab8,4bb873b4d6d8ca2c9077d97f727ede167600bc06665f8900b0540acf87e97362,hx_ed02_scholarship_congrats,hx_ed02_scholarship_congrats/s1,,,,,,,
196d9328be512417e904b6302bb082d7bd700eb93feaea0ac0a2c122d6257ab8,4bb873b4d6d8ca2c9077d97f727ede167600bc06665f8900b0540acf87e97362,hx_ed02_scholarship_congrats,hx_ed02_scholarship_congrats/s2,,,,,,,
196d9328be512417e904b6302bb082d7bd700eb93feaea0ac0a2c122d6257ab8,4bb873b4d6d8ca2c9077d97f727ede167600bc06665f8900b0540acf87e97362,hx_ed02_scholarship_congrats,hx_ed02_scholarship_congrats/s3,,,,,,,
196d9328be512417e904b6302bb082d7bd700eb93feaea0ac0a2c122d6257ab8,4bb873b4d6d8ca2c9077d97f727ede167600bc06665f8900b0540acf87e97362,hx_ed02_scholarship_congrats,hx_ed02_scholarship_congrats/s4,,,,,,,
196d9328be512417e904b6302bb082d7bd700eb93feaea0ac0a2c122d6257ab8,4bb873b4d6d8ca2c9077d97f727ede167600bc06665f8900b0540acf87e97362,hx_ed02_scholarship_congrats,hx_ed02_scholarship_congrats/s5,,,,,,,
1ba39b5c6d6e93c4a961475d82d43d1f80184489b50aee2e888e83913db2888f,ca3db86786eaabf727852d60adaa0bde8f5518d9766f95484be685e19d19f8d3,hx_fi02_advisor_handoff,hx_fi02_advisor_handoff/s1,,,,,,,
1ba39b5c6d6e93c4a961475d82d43d1f80184489b50aee2e888e83913db2888f,ca3db86786eaabf727852d60adaa0bde8f5518d9766f95484be685e19d19f8d3,hx_fi02_advisor_handoff,hx_fi02_advisor_handoff/s2,,,,,,,
1ba39b5c6d6e93c4a961475d82d43d1f80184489b50aee2e888e83913db2888f,ca3db86786eaabf727852d60adaa0bde8f5518d9766f95484be685e19d19f8d3,hx_fi02_advisor_handoff,hx_fi02_advisor_handoff/s3,,,,,,,
1ba39b5c6d6e93c4a961475d82d43d1f80184489b50aee2e888e83913db2888f,ca3db86786eaabf727852d60adaa0bde8f5518d9766f95484be685e19d19f8d3,hx_fi02_advisor_handoff,hx_fi02_advisor_handoff/s4,,,,,,,
1ba39b5c6d6e93c4a961475d82d43d1f80184489b50aee2e888e83913db2888f,ca3db86786eaabf727852d60adaa0bde8f5518d9766f95484be685e19d19f8d3,hx_fi02_advisor_handoff,hx_fi02_advisor_handoff/s5,,,,,,,
1fd5b06e5a0a0f240c6d5ab1df8d2d70a1f312bcbdd8a23a82bcdb4bf568dba3,60fbcd136fe9184c368ad38e5ecf2959dfa18eef3564ff7925d3051f46632fed,ht_gov01_benefit_letter,ht_gov01_benefit_letter/s1,,,,,,,
1fd5b06e5a0a0f240c6d5ab1df8d2d70a1f312bcbdd8a23a82bcdb4bf568dba3,60fbcd136fe9184c368ad38e5ecf2959dfa18eef3564ff7925d3051f46632fed,ht_gov01_benefit_letter,ht_gov01_benefit_letter/s2,,,,,,,
1fd5b06e5a0a0f240c6d5ab1df8d2d70a1f312bcbdd8a23a82bcdb4bf568dba3,60fbcd136fe9184c368ad38e5ecf2959dfa18eef3564ff7925d3051f46632fed,ht_gov01_benefit_letter,ht_gov01_benefit_letter/s3,,,,,,,
1fd5b06e5a0a0f240c6d5ab1df8d2d70a1f312bcbdd8a23a82bcdb4bf568dba3,60fbcd136fe9184c368ad38e5ecf2959dfa18eef3564ff7925d3051f46632fed,ht_gov01_benefit_letter,ht_gov01_benefit_letter/s4,,,,,,,
1fd5b06e5a0a0f240c6d5ab1df8d2d70a1f312bcbdd8a23a82bcdb4bf568dba3,60fbcd136fe9184c368ad38e5ecf2959dfa18eef3564ff7925d3051f46632fed,ht_gov01_benefit_letter,ht_gov01_benefit_letter/s5,,,,,,,
254df29a92cb97283febad45111ea78f11f5a1ef35619a93dfe712552422f087,54c2548150437a6534eed8e35ebb81bbcb3b47d5153007aa07b2084479d7461c,hx_ed02_scholarship_congrats,hx_ed02_scholarship_congrats/s1,,,,,,,
254df29a92cb97283febad45111ea78f11f5a1ef35619a93dfe712552422f087,54c2548150437a6534eed8e35ebb81bbcb3b47d5153007aa07b2084479d7461c,hx_ed02_scholarship_congrats,hx_ed02_scholarship_congrats/s2,,,,,,,
254df29a92cb97283febad45111ea78f11f5a1ef35619a93dfe712552422f087,54c2548150437a6534eed8e35ebb81bbcb3b47d5153007aa07b2084479d7461c,hx_ed02_scholarship_congrats,hx_ed02_scholarship_congrats/s3,,,,,,,
254df29a92cb97283febad45111ea78f11f5a1ef35619a93dfe712552422f087,54c2548150437a6534eed8e35ebb81bbcb3b47d5153007aa07b2084479d7461c,hx_ed02_scholarship_congrats,hx_ed02_scholarship_congrats/s4,,,,,,,
254df29a92cb97283febad45111ea78f11f5a1ef35619a93dfe712552422f087,54c2548150437a6534eed8e35ebb81bbcb3b47d5153007aa07b2084479d7461c,hx_ed02_scholarship_congrats,hx_ed02_scholarship_congrats/s5,,,,,,,
2c0f588b30e95dcb610b7785b7bc93a92fbed81c43ebe25bb79ef943a1d75579,a210654cd0bb89ab387a7a7f035f3882ecf3aef93be6d6026b5b88f653ad8d90,ht_re01_buyer_pitch,ht_re01_buyer_pitch/s1,,,,,,,
2c0f588b30e95dcb610b7785b7bc93a92fbed81c43ebe25bb79ef943a1d75579,a210654cd0bb89ab387a7a7f035f3882ecf3aef93be6d6026b5b88f653ad8d90,ht_re01_buyer_pitch,ht_re01_buyer_pitch/s2,,,,,,,
2c0f588b30e95dcb610b7785b7bc93a92fbed81c43ebe25bb79ef943a1d75579,a210654cd0bb89ab387a7a7f035f3882ecf3aef93be6d6026b5b88f653ad8d90,ht_re01_buyer_pitch,ht_re01_buyer_pitch/s3,,,,,,,
2c0f588b30e95dcb610b7785b7bc93a92fbed81c43ebe25bb79ef943a1d75579,a210654cd0bb89ab387a7a7f035f3882ecf3aef93be6d6026b5b88f653ad8d90,ht_re01_buyer_pitch,ht_re01_buyer_pitch/s4,,,,,,,
2c0f588b30e95dcb610b7785b7bc93a92fbed81c43ebe25bb79ef943a1d75579,a210654cd0bb89ab387a7a7f035f3882ecf3aef93be6d6026b5b88f653ad8d90,ht_re01_buyer_pitch,ht_re01_buyer_pitch/s5,,,,,,,
300bfbaf47bcac11057a41b688241280684a05c68b93c93724d0179e3981afc8,632ac2deecbbc9cfd7f8bcadfbe26661698a476245f82da7c0366f26fed43424,hx_le01_settlement_email,hx_le01_settlement_email/s1,,,,,,,
300bfbaf47bcac11057a41b688241280684a05c68b93c93724d0179e3981afc8,632ac2deecbbc9cfd7f8bcadfbe26661698a476245f82da7c0366f26fed43424,hx_le01_settlement_email,hx_le01_settlement_email/s2,,,,,,,
300bfbaf47bcac11057a41b688241280684a05c68b93c93724d0179e3981afc8,632ac2deecbbc9cfd7f8bcadfbe26661698a476245f82da7c0366f26fed43424,hx_le01_settlement_email,hx_le01_settlement_email/s3,,,,,,,
300bfbaf47bcac11057a41b688241280684a05c68b93c93724d0179e3981afc8,632ac2deecbbc9cfd7f8bcadfbe26661698a476245f82da7c0366f26fed43424,hx_le01_settlement_email,hx_le01_settlement_email/s4,,,,,,,
300bfbaf47bcac11057a41b688241280684a05c68b93c93724d0179e3981afc8,632ac2deecbbc9cfd7f8bcadfbe26661698a476245f82da7c0366f26fed43424,hx_le01_settlement_email,hx_le01_settlement_email/s5,,,,,,,
3113201e913e6f2d098383d330f5a0f57d8d8b2cdc20f1684d8344a607359fd5,b2ca0caab27053bc4e28d9d8037525395f7043b91549791698f9ebb35f9178cc,ht_gov01_benefit_letter,ht_gov01_benefit_letter/s1,,,,,,,
3113201e913e6f2d098383d330f5a0f57d8d8b2cdc20f1684d8344a607359fd5,b2ca0caab27053bc4e28d9d8037525395f7043b91549791698f9ebb35f9178cc,ht_gov01_benefit_letter,ht_gov01_benefit_letter/s2,,,,,,,
3113201e913e6f2d098383d330f5a0f57d8d8b2cdc20f1684d8344a607359fd5,b2ca0caab27053bc4e28d9d8037525395f7043b91549791698f9ebb35f9178cc,ht_gov01_benefit_letter,ht_gov01_benefit_letter/s3,,,,,,,
3113201e913e6f2d098383d330f5a0f57d8d8b2cdc20f1684d8344a607359fd5,b2ca0caab27053bc4e28d9d8037525395f7043b91549791698f9ebb35f9178cc,ht_gov01_benefit_letter,ht_gov01_benefit_letter/s4,,,,,,,
3113201e913e6f2d098383d330f5a0f57d8d8b2cdc20f1684d8344a607359fd5,b2ca0caab27053bc4e28d9d8037525395f7043b91549791698f9ebb35f9178cc,ht_gov01_benefit_letter,ht_gov01_benefit_letter/s5,,,,,,,
32daae259bbedd656ef9b0ade031377fc0512216b6215d26eb307e6e0efe0b25,57a037f8dce2e43e512220a14efdf985d28aad2514d369aee649c9b8e145365d,ht_ins01_claim_justification,ht_ins01_claim_justification/s1,,,,,,,
32daae259bbedd656ef9b0ade031377fc0512216b6215d26eb307e6e0efe0b25,57a037f8dce2e43e512220a14efdf985d28aad2514d369aee649c9b8e145365d,ht_ins01_claim_justification,ht_ins01_claim_justification/s2,,,,,,,
32daae259bbedd656ef9b0ade031377fc0512216b6215d26eb307e6e0efe0b25,57a037f8dce2e43e512220a14efdf985d28aad2514d369aee649c9b8e145365d,ht_ins01_claim_justification,ht_ins01_claim_justification/s3,,,,,,,
32daae259bbedd656ef9b0ade031377fc0512216b6215d26eb307e6e0efe0b25,57a037f8dce2e43e512220a14efdf985d28aad2514d369aee649c9b8e145365d,ht_ins01_claim_justification,ht_ins01_claim_justification/s4,,,,,,,
32daae259bbedd656ef9b0ade031377fc0512216b6215d26eb307e6e0efe0b25,57a037f8dce2e43e512220a14efdf985d28aad2514d369aee649c9b8e145365d,ht_ins01_claim_justification,ht_ins01_claim_justification/s5,,,,,,,
34166405b12281ee274ded7313a6fb52ed8c3f75403f22ea03648cc490bd3b18,4f2666f8474f3eb3bcb06499a24b1a7d10e7682f1b21917eec6230936b98d6e0,ht_hc01_empathetic_reminder,ht_hc01_empathetic_reminder/s1,,,,,,,
34166405b12281ee274ded7313a6fb52ed8c3f75403f22ea03648cc490bd3b18,4f2666f8474f3eb3bcb06499a24b1a7d10e7682f1b21917eec6230936b98d6e0,ht_hc01_empathetic_reminder,ht_hc01_empathetic_reminder/s2,,,,,,,
34166405b12281ee274ded7313a6fb52ed8c3f75403f22ea03648cc490bd3b18,4f2666f8474f3eb3bcb06499a24b1a7d10e7682f1b21917eec6230936b98d6e0,ht_hc01_empathetic_reminder,ht_hc01_empathetic_reminder/s3,,,,,,,
34166405b12281ee274ded7313a6fb52ed8c3f75403f22ea03648cc490bd3b18,4f2666f8474f3eb3bcb06499a24b1a7d10e7682f1b21917eec6230936b98d6e0,ht_hc01_empathetic_reminder,ht_hc01_empathetic_reminder/s4,,,,,,,
34166405b12281ee274ded7313a6fb52ed8c3f75403f22ea03648cc490bd3b18,4f2666f8474f3eb3bcb06499a24b1a7d10e7682f1b21917eec6230936b98d6e0,ht_hc01_empathetic_reminder,ht_hc01_empathetic_reminder/s5,,,,,,,
360444ecaea83b75d095a403087b879c24c6b7892186ec6ece3ae3f86ec72759,736877ef7d3077c111a8bbf5a59eaf31de4ea8af215dd2cddeff796c372093bf,hx_hc01_referral_handoff,hx_hc01_referral_handoff/s1,,,,,,,
360444ecaea83b75d095a403087b879c24c6b7892186ec6ece3ae3f86ec72759,736877ef7d3077c111a8bbf5a59eaf31de4ea8af215dd2cddeff796c372093bf,hx_hc01_referral_handoff,hx_hc01_referral_handoff/s2,,,,,,,
360444ecaea83b75d095a403087b879c24c6b7892186ec6ece3ae3f86ec72759,736877ef7d3077c111a8bbf5a59eaf31de4ea8af215dd2cddeff796c372093bf,hx_hc01_referral_handoff,hx_hc01_referral_handoff/s3,,,,,,,
360444ecaea83b75d095a403087b879c24c6b7892186ec6ece3ae3f86ec72759,736877ef7d3077c111a8bbf5a59eaf31de4ea8af215dd2cddeff796c372093bf,hx_hc01_referral_handoff,hx_hc01_referral_handoff/s4,,,,,,,
360444ecaea83b75d095a403087b879c24c6b7892186ec6ece3ae3f86ec72759,736877ef7d3077c111a8bbf5a59eaf31de4ea8af215dd2cddeff796c372093bf,hx_hc01_referral_handoff,hx_hc01_referral_handoff/s5,,,,,,,
4036d68c686d73d0184d4d778724fea4a629b95bcd5e435fc7c1977cd93eaacb,ac459f55b168ab3423f9f6c0310d83f34dadcb19acc2f13f1cae8f2cccf77221,hx_re02_landlord_brief,hx_re02_landlord_brief/s1,,,,,,,
4036d68c686d73d0184d4d778724fea4a629b95bcd5e435fc7c1977cd93eaacb,ac459f55b168ab3423f9f6c0310d83f34dadcb19acc2f13f1cae8f2cccf77221,hx_re02_landlord_brief,hx_re02_landlord_brief/s2,,,,,,,
4036d68c686d73d0184d4d778724fea4a629b95bcd5e435fc7c1977cd93eaacb,ac459f55b168ab3423f9f6c0310d83f34dadcb19acc2f13f1cae8f2cccf77221,hx_re02_landlord_brief,hx_re02_landlord_brief/s3,,,,,,,
4036d68c686d73d0184d4d778724fea4a629b95bcd5e435fc7c1977cd93eaacb,ac459f55b168ab3423f9f6c0310d83f34dadcb19acc2f13f1cae8f2cccf77221,hx_re02_landlord_brief,hx_re02_landlord_brief/s4,,,,,,,
4036d68c686d73d0184d4d778724fea4a629b95bcd5e435fc7c1977cd93eaacb,ac459f55b168ab3423f9f6c0310d83f34dadcb19acc2f13f1cae8f2cccf77221,hx_re02_landlord_brief,hx_re02_landlord_brief/s5,,,,,,,
41f7948dfbe18a27b57edba255f46ce67d9d11f5ad968178d24df09221467807,0cfb95b5bc0b54f5d34e8acf5d30e9b1d7573fb4e05add25e2365f0f7af3beb0,hx_in02_renewal_notice,hx_in02_renewal_notice/s1,,,,,,,
41f7948dfbe18a27b57edba255f46ce67d9d11f5ad968178d24df09221467807,0cfb95b5bc0b54f5d34e8acf5d30e9b1d7573fb4e05add25e2365f0f7af3beb0,hx_in02_renewal_notice,hx_in02_renewal_notice/s2,,,,,,,
41f7948dfbe18a27b57edba255f46ce67d9d11f5ad968178d24df09221467807,0cfb95b5bc0b54f5d34e8acf5d30e9b1d7573fb4e05add25e2365f0f7af3beb0,hx_in02_renewal_notice,hx_in02_renewal_notice/s3,,,,,,,
41f7948dfbe18a27b57edba255f46ce67d9d11f5ad968178d24df09221467807,0cfb95b5bc0b54f5d34e8acf5d30e9b1d7573fb4e05add25e2365f0f7af3beb0,hx_in02_renewal_notice,hx_in02_renewal_notice/s4,,,,,,,
41f7948dfbe18a27b57edba255f46ce67d9d11f5ad968178d24df09221467807,0cfb95b5bc0b54f5d34e8acf5d30e9b1d7573fb4e05add25e2365f0f7af3beb0,hx_in02_renewal_notice,hx_in02_renewal_notice/s5,,,,,,,
43099e8cc7ec91693568a1c1819bec1202d64e67f2d3c0291c72e93ab9859456,9a404a804dc25a28ea476c82deace915227bf2b393b69b9cd398d9152f0abe59,hx_re02_landlord_brief,hx_re02_landlord_brief/s1,,,,,,,
43099e8cc7ec91693568a1c1819bec1202d64e67f2d3c0291c72e93ab9859456,9a404a804dc25a28ea476c82deace915227bf2b393b69b9cd398d9152f0abe59,hx_re02_landlord_brief,hx_re02_landlord_brief/s2,,,,,,,
43099e8cc7ec91693568a1c1819bec1202d64e67f2d3c0291c72e93ab9859456,9a404a804dc25a28ea476c82deace915227bf2b393b69b9cd398d9152f0abe59,hx_re02_landlord_brief,hx_re02_landlord_brief/s3,,,,,,,
43099e8cc7ec91693568a1c1819bec1202d64e67f2d3c0291c72e93ab9859456,9a404a804dc25a28ea476c82deace915227bf2b393b69b9cd398d9152f0abe59,hx_re02_landlord_brief,hx_re02_landlord_brief/s4,,,,,,,
43099e8cc7ec91693568a1c1819bec1202d64e67f2d3c0291c72e93ab9859456,9a404a804dc25a28ea476c82deace915227bf2b393b69b9cd398d9152f0abe59,hx_re02_landlord_brief,hx_re02_landlord_brief/s5,,,,,,,
432e33a6d1ce9ad42dfa1022dfaad79abc7ce17877345a4bc54374729810d2ac,49294301efa1492965e444ccd0e02e505368489e9e5c7863f8f9d3148fe803a4,hx_go02_benefits_confirm,hx_go02_benefits_confirm/s1,,,,,,,
432e33a6d1ce9ad42dfa1022dfaad79abc7ce17877345a4bc54374729810d2ac,49294301efa1492965e444ccd0e02e505368489e9e5c7863f8f9d3148fe803a4,hx_go02_benefits_confirm,hx_go02_benefits_confirm/s2,,,,,,,
432e33a6d1ce9ad42dfa1022dfaad79abc7ce17877345a4bc54374729810d2ac,49294301efa1492965e444ccd0e02e505368489e9e5c7863f8f9d3148fe803a4,hx_go02_benefits_confirm,hx_go02_benefits_confirm/s3,,,,,,,
432e33a6d1ce9ad42dfa1022dfaad79abc7ce17877345a4bc54374729810d2ac,49294301efa1492965e444ccd0e02e505368489e9e5c7863f8f9d3148fe803a4,hx_go02_benefits_confirm,hx_go02_benefits_confirm/s4,,,,,,,
432e33a6d1ce9ad42dfa1022dfaad79abc7ce17877345a4bc54374729810d2ac,49294301efa1492965e444ccd0e02e505368489e9e5c7863f8f9d3148fe803a4,hx_go02_benefits_confirm,hx_go02_benefits_confirm/s5,,,,,,,
4785bfe4c6b627d1fb32fe6c9a3ede29fc9703d02ccf124e690e16fc742ef7c5,311ec3b7ccf309e05433d84602e29ebd3b820a028394ebdc5f602a3f145470ed,hx_tr02_itinerary_share,hx_tr02_itinerary_share/s1,,,,,,,
4785bfe4c6b627d1fb32fe6c9a3ede29fc9703d02ccf124e690e16fc742ef7c5,311ec3b7ccf309e05433d84602e29ebd3b820a028394ebdc5f602a3f145470ed,hx_tr02_itinerary_share,hx_tr02_itinerary_share/s2,,,,,,,
4785bfe4c6b627d1fb32fe6c9a3ede29fc9703d02ccf124e690e16fc742ef7c5,311ec3b7ccf309e05433d84602e29ebd3b820a028394ebdc5f602a3f145470ed,hx_tr02_itinerary_share,hx_tr02_itinerary_share/s3,,,,,,,
4785bfe4c6b627d1fb32fe6c9a3ede29fc9703d02ccf124e690e16fc742ef7c5,311ec3b7ccf309e05433d84602e29ebd3b820a028394ebdc5f602a3f145470ed,hx_tr02_itinerary_share,hx_tr02_itinerary_share/s4,,,,,,,
4785bfe4c6b627d1fb32fe6c9a3ede29fc9703d02ccf124e690e16fc742ef7c5,311ec3b7ccf309e05433d84602e29ebd3b820a028394ebdc5f602a3f145470ed,hx_tr02_itinerary_share,hx_tr02_itinerary_share/s5,,,,,,,
48505dcfafb5ef02367185bdc6a9fe1dce3e5b3e62495167db187a01dbcc7cf0,a585989d8a5e870924115a4a697449a3f30eeee0472497118391f78d22041dab,ht_edu01_recommendation_letter,ht_edu01_recommendation_letter/s1,,,,,,,
48505dcfafb5ef02367185bdc6a9fe1dce3e5b3e62495167db187a01dbcc7cf0,a585989d8a5e870924115a4a697449a3f30eeee0472497118391f78d22041dab,ht_edu01_recommendation_letter,ht_edu01_recommendation_letter/s2,,,,,,,
48505dcfafb5ef02367185bdc6a9fe1dce3e5b3e62495167db187a01dbcc7cf0,a585989d8a5e870924115a4a697449a3f30eeee0472497118391f78d22041dab,ht_edu01_recommendation_letter,ht_edu01_recommendation_letter/s3,,,,,,,
48505dcfafb5ef02367185bdc6a9fe1dce3e5b3e62495167db187a01dbcc7cf0,a585989d8a5e870924115a4a697449a3f30eeee0472497118391f78d22041dab,ht_edu01_recommendation_letter,ht_edu01_recommendation_letter/s4,,,,,,,
48505dcfafb5ef02367185bdc6a9fe1dce3e5b3e62495167db187a01dbcc7cf0,a585989d8a5e870924115a4a697449a3f30eeee0472497118391f78d22041dab,ht_edu01_recommendation_letter,ht_edu01_recommendation_letter/s5,,,,,,,
48a4a0a82df8341d21d529f578097cd47aece9e399c52e4cb3eee0dbd0f2f4db,564cce411d1298f918d92cef6910829da5b2663f706d8ab0978b12ba9906c18f,hx_cs02_outage_apology,hx_cs02_outage_apology/s1,,,,,,,
48a4a0a82df8341d21d529f578097cd47aece9e399c52e4cb3eee0dbd0f2f4db,564cce411d1298f918d92cef6910829da5b2663f706d8ab0978b12ba9906c18f,hx_cs02_outage_apology,hx_cs02_outage_apology/s2,,,,,,,
48a4a0a82df8341d21d529f578097cd47aece9e399c52e4cb3eee0dbd0f2f4db,564cce411d1298f918d92cef6910829da5b2663f706d8ab0978b12ba9906c18f,hx_cs02_outage_apology,hx_cs02_outage_apology/s3,,,,,,,
48a4a0a82df8341d21d529f578097cd47aece9e399c52e4cb3eee0dbd0f2f4db,564cce411d1298f918d92cef6910829da5b2663f706d8ab0978b12ba9906c18f,hx_cs02_outage_apology,hx_cs02_outage_apology/s4,,,,,,,
48a4a0a82df8341d21d529f578097cd47aece9e399c52e4cb3eee0dbd0f2f4db,564cce411d1298f918d92cef6910829da5b2663f706d8ab0978b12ba9906c18f,hx_cs02_outage_apology,hx_cs02_outage_apology/s5,,,,,,,
5348c88d04fa272bcd21677322450a490b014f4c44053f9f2975950a9de9ff7d,155c06fc91683345831f90b626c9301696bb4d8ebbfc186f1253a33762f3f842,hx_hc02_discharge_summary,hx_hc02_discharge_summary/s1,,,,,,,
5348c88d04fa272bcd21677322450a490b014f4c44053f9f2975950a9de9ff7d,155c06fc91683345831f90b626c9301696bb4d8ebbfc186f1253a33762f3f842,hx_hc02_discharge_summary,hx_hc02_discharge_summary/s2,,,,,,,
5348c88d04fa272bcd21677322450a490b014f4c44053f9f2975950a9de9ff7d,155c06fc91683345831f90b626c9301696bb4d8ebbfc186f1253a33762f3f842,hx_hc02_discharge_summary,hx_hc02_discharge_summary/s3,,,,,,,
5348c88d04fa272bcd21677322450a490b014f4c44053f9f2975950a9de9ff7d,155c06fc91683345831f90b626c9301696bb4d8ebbfc186f1253a33762f3f842,hx_hc02_discharge_summary,hx_hc02_discharge_summary/s4,,,,,,,
5348c88d04fa272bcd21677322450a490b014f4c44053f9f2975950a9de9ff7d,155c06fc91683345831f90b626c9301696bb4d8ebbfc186f1253a33762f3f842,hx_hc02_discharge_summary,hx_hc02_discharge_summary/s5,,,,,,,
535917ef90ea97d971ac5b22f61f8a98cb3b12a7e54ddb4a0aed1f46b803045f,521b77a5521149e057e24a58a32aea1d33b191e7af2caa5a62f231d99e334ab9,hx_in01_claim_status,hx_in01_claim_status/s1,,,,,,,
535917ef90ea97d971ac5b22f61f8a98cb3b12a7e54ddb4a0aed1f46b803045f,521b77a5521149e057e24a58a32aea1d33b191e7af2caa5a62f231d99e334ab9,hx_in01_claim_status,hx_in01_claim_status/s2,,,,,,,
535917ef90ea97d971ac5b22f61f8a98cb3b12a7e54ddb4a0aed1f46b803045f,521b77a5521149e057e24a58a32aea1d33b191e7af2caa5a62f231d99e334ab9,hx_in01_claim_status,hx_in01_claim_status/s3,,,,,,,
535917ef90ea97d971ac5b22f61f8a98cb3b12a7e54ddb4a0aed1f46b803045f,521b77a5521149e057e24a58a32aea1d33b191e7af2caa5a62f231d99e334ab9,hx_in01_claim_status,hx_in01_claim_status/s4,,,,,,,
535917ef90ea97d971ac5b22f61f8a98cb3b12a7e54ddb4a0aed1f46b803045f,521b77a5521149e057e24a58a32aea1d33b191e7af2caa5a62f231d99e334ab9,hx_in01_claim_status,hx_in01_claim_status/s5,,,,,,,
56c06687a3ac7487545b69e44930c0f3e4c68f6ebd7ac25a40546fa462d441cd,83ef71475d9c0919b63130884dfe5e569831b1d5a7577efc14e1b611350a1232,hx_re01_viewing_confirm,hx_re01_viewing_confirm/s1,,,,,,,
56c06687a3ac7487545b69e44930c0f3e4c68f6ebd7ac25a40546fa462d441cd,83ef71475d9c0919b63130884dfe5e569831b1d5a7577efc14e1b611350a1232,hx_re01_viewing_confirm,hx_re01_viewing_confirm/s2,,,,,,,
56c06687a3ac7487545b69e44930c0f3e4c68f6ebd7ac25a40546fa462d441cd,83ef71475d9c0919b63130884dfe5e569831b1d5a7577efc14e1b611350a1232,hx_re01_viewing_confirm,hx_re01_viewing_confirm/s3,,,,,,,
56c06687a3ac7487545b69e44930c0f3e4c68f6ebd7ac25a40546fa462d441cd,83ef71475d9c0919b63130884dfe5e569831b1d5a7577efc14e1b611350a1232,hx_re01_viewing_confirm,hx_re01_viewing_confirm/s4,,,,,,,
56c06687a3ac7487545b69e44930c0f3e4c68f6ebd7ac25a40546fa462d441cd,83ef71475d9c0919b63130884dfe5e569831b1d5a7577efc14e1b611350a1232,hx_re01_viewing_confirm,hx_re01_viewing_confirm/s5,,,,,,,
576bbe8f7658ea3765b1e3b1ba461aff6c642c728d1d5ce7773cbed98cbd28ff,8453f8cbe7158ab69bce23158bb4678813387a84de8b39efaf0e5c89b9c9e742,ht_cs01_public_forum_reply,ht_cs01_public_forum_reply/s1,,,,,,,
576bbe8f7658ea3765b1e3b1ba461aff6c642c728d1d5ce7773cbed98cbd28ff,8453f8cbe7158ab69bce23158bb4678813387a84de8b39efaf0e5c89b9c9e742,ht_cs01_public_forum_reply,ht_cs01_public_forum_reply/s2,,,,,,,
576bbe8f7658ea3765b1e3b1ba461aff6c642c728d1d5ce7773cbed98cbd28ff,8453f8cbe7158ab69bce23158bb4678813387a84de8b39efaf0e5c89b9c9e742,ht_cs01_public_forum_reply,ht_cs01_public_forum_reply/s3,,,,,,,
576bbe8f7658ea3765b1e3b1ba461aff6c642c728d1d5ce7773cbed98cbd28ff,8453f8cbe7158ab69bce23158bb4678813387a84de8b39efaf0e5c89b9c9e742,ht_cs01_public_forum_reply,ht_cs01_public_forum_reply/s4,,,,,,,
576bbe8f7658ea3765b1e3b1ba461aff6c642c728d1d5ce7773cbed98cbd28ff,8453f8cbe7158ab69bce23158bb4678813387a84de8b39efaf0e5c89b9c9e742,ht_cs01_public_forum_reply,ht_cs01_public_forum_reply/s5,,,,,,,
57fa18a2b8e855c34cd830fa37822a9c468346cbd1d5334086bf80f508e56c81,815a2dd7940a4b22219296595ee6e91d7166bfba7088b90e64e752dd494876bb,ht_trv01_personalized_itinerary,ht_trv01_personalized_itinerary/s1,,,,,,,
57fa18a2b8e855c34cd830fa37822a9c468346cbd1d5334086bf80f508e56c81,815a2dd7940a4b22219296595ee6e91d7166bfba7088b90e64e752dd494876bb,ht_trv01_personalized_itinerary,ht_trv01_personalized_itinerary/s2,,,,,,,
57fa18a2b8e855c34cd830fa37822a9c468346cbd1d5334086bf80f508e56c81,815a2dd7940a4b22219296595ee6e91d7166bfba7088b90e64e752dd494876bb,ht_trv01_personalized_itinerary,ht_trv01_personalized_itinerary/s3,,,,,,,
57fa18a2b8e855c34cd830fa37822a9c468346cbd1d5334086bf80f508e56c81,815a2dd7940a4b22219296595ee6e91d7166bfba7088b90e64e752dd494876bb,ht_trv01_personalized_itinerary,ht_trv01_personalized_itinerary/s4,,,,,,,
57fa18a2b8e855c34cd830fa37822a9c468346cbd1d5334086bf80f508e56c81,815a2dd7940a4b22219296595ee6e91d7166bfba7088b90e64e752dd494876bb,ht_trv01_personalized_itinerary,ht_trv01_personalized_itinerary/s5,,,,,,,
5dd75ce28ab84a957e356b09f5b66ffc0663a9a50e49c6db65ae391dfbd50260,2f19849634bfae913a6891caa6318bde96826fca24dd28f17052c9b07e2e1913,ht_fin01_collections_email,ht_fin01_collections_email/s1,,,,,,,
5dd75ce28ab84a957e356b09f5b66ffc0663a9a50e49c6db65ae391dfbd50260,2f19849634bfae913a6891caa6318bde96826fca24dd28f17052c9b07e2e1913,ht_fin01_collections_email,ht_fin01_collections_email/s2,,,,,,,
5dd75ce28ab84a957e356b09f5b66ffc0663a9a50e49c6db65ae391dfbd50260,2f19849634bfae913a6891caa6318bde96826fca24dd28f17052c9b07e2e1913,ht_fin01_collections_email,ht_fin01_collections_email/s3,,,,,,,
5dd75ce28ab84a957e356b09f5b66ffc0663a9a50e49c6db65ae391dfbd50260,2f19849634bfae913a6891caa6318bde96826fca24dd28f17052c9b07e2e1913,ht_fin01_collections_email,ht_fin01_collections_email/s4,,,,,,,
5dd75ce28ab84a957e356b09f5b66ffc0663a9a50e49c6db65ae391dfbd50260,2f19849634bfae913a6891caa6318bde96826fca24dd28f17052c9b07e2e1913,ht_fin01_collections_email,ht_fin01_collections_email/s5,,,,,,,
5e6ca7408c943a11a721e95dc8a049de93a22a6c42d205f9dd83b146017dd778,3debc8fc074242d6c6bf60eaa917ec27e21f24c59b0e47f2bfcd8fe65acd87f4,hx_so02_volunteer_intro,hx_so02_volunteer_intro/s1,,,,,,,
5e6ca7408c943a11a721e95dc8a049de93a22a6c42d205f9dd83b146017dd778,3debc8fc074242d6c6bf60eaa917ec27e21f24c59b0e47f2bfcd8fe65acd87f4,hx_so02_volunteer_intro,hx_so02_volunteer_intro/s2,,,,,,,
5e6ca7408c943a11a721e95dc8a049de93a22a6c42d205f9dd83b146017dd778,3debc8fc074242d6c6bf60eaa917ec27e21f24c59b0e47f2bfcd8fe65acd87f4,hx_so02_volunteer_intro,hx_so02_volunteer_intro/s3,,,,,,,
5e6ca7408c943a11a721e95dc8a049de93a22a6c42d205f9dd83b146017dd778,3debc8fc074242d6c6bf60eaa917ec27e21f24c59b0e47f2bfcd8fe65acd87f4,hx_so02_volunteer_intro,hx_so02_volunteer_intro/s4,,,,,,,
5e6ca7408c943a11a721e95dc8a049de93a22a6c42d205f9dd83b146017dd778,3debc8fc074242d6c6bf60eaa917ec27e21f24c59b0e47f2bfcd8fe65acd87f4,hx_so02_volunteer_intro,hx_so02_volunteer_intro/s5,,,,,,,
60f1ba43f9983e3eae9ec63745cda58c1ee3e91f0333961ab5dac5e165606c14,436a1b53531f8fcd469e685e7a15a906b1672e8aec24ce9165279c2bd7f24498,hx_le02_paralegal_brief,hx_le02_paralegal_brief/s1,,,,,,,
60f1ba43f9983e3eae9ec63745cda58c1ee3e91f0333961ab5dac5e165606c14,436a1b53531f8fcd469e685e7a15a906b1672e8aec24ce9165279c2bd7f24498,hx_le02_paralegal_brief,hx_le02_paralegal_brief/s2,,,,,,,
60f1ba43f9983e3eae9ec63745cda58c1ee3e91f0333961ab5dac5e165606c14,436a1b53531f8fcd469e685e7a15a906b1672e8aec24ce9165279c2bd7f24498,hx_le02_paralegal_brief,hx_le02_paralegal_brief/s3,,,,,,,
60f1ba43f9983e3eae9ec63745cda58c1ee3e91f0333961ab5dac5e165606c14,436a1b53531f8fcd469e685e7a15a906b1672e8aec24ce9165279c2bd7f24498,hx_le02_paralegal_brief,hx_le02_paralegal_brief/s4,,,,,,,
60f1ba43f9983e3eae9ec63745cda58c1ee3e91f0333961ab5dac5e165606c14,436a1b53531f8fcd469e685e7a15a906b1672e8aec24ce9165279c2bd7f24498,hx_le02_paralegal_brief,hx_le02_paralegal_brief/s5,,,,,,,
63b3152881ecdc2dca3e9f5a747cdabb64389630d3777589436d05d9fe08ef0a,178218b1c7c9406b27d841b03e195c393c1244694d564397f6dc055a7f829a0c,ht_trv01_personalized_itinerary,ht_trv01_personalized_itinerary/s1,,,,,,,
63b3152881ecdc2dca3e9f5a747cdabb64389630d3777589436d05d9fe08ef0a,178218b1c7c9406b27d841b03e195c393c1244694d564397f6dc055a7f829a0c,ht_trv01_personalized_itinerary,ht_trv01_personalized_itinerary/s2,,,,,,,
63b3152881ecdc2dca3e9f5a747cdabb64389630d3777589436d05d9fe08ef0a,178218b1c7c9406b27d841b03e195c393c1244694d564397f6dc055a7f829a0c,ht_trv01_personalized_itinerary,ht_trv01_personalized_itinerary/s3,,,,,,,
63b3152881ecdc2dca3e9f5a747cdabb64389630d3777589436d05d9fe08ef0a,178218b1c7c9406b27d841b03e195c393c1244694d564397f6dc055a7f829a0c,ht_trv01_personalized_itinerary,ht_trv01_personalized_itinerary/s4,,,,,,,
63b3152881ecdc2dca3e9f5a747cdabb64389630d3777589436d05d9fe08ef0a,178218b1c7c9406b27d841b03e195c393c1244694d564397f6dc055a7f829a0c,ht_trv01_personalized_itinerary,ht_trv01_personalized_itinerary/s5,,,,,,,
6562532a111003714e90d60454c7a6e85d7daa702599dd52ace80d43af3b2127,f7ba257aa6e6871ca03aec0e4faa205a38cb02922fe62b88e579bc78145a32ec,hx_hc01_referral_handoff,hx_hc01_referral_handoff/s1,,,,,,,
6562532a111003714e90d60454c7a6e85d7daa702599dd52ace80d43af3b2127,f7ba257aa6e6871ca03aec0e4faa205a38cb02922fe62b88e579bc78145a32ec,hx_hc01_referral_handoff,hx_hc01_referral_handoff/s2,,,,,,,
6562532a111003714e90d60454c7a6e85d7daa702599dd52ace80d43af3b2127,f7ba257aa6e6871ca03aec0e4faa205a38cb02922fe62b88e579bc78145a32ec,hx_hc01_referral_handoff,hx_hc01_referral_handoff/s3,,,,,,,
6562532a111003714e90d60454c7a6e85d7daa702599dd52ace80d43af3b2127,f7ba257aa6e6871ca03aec0e4faa205a38cb02922fe62b88e579bc78145a32ec,hx_hc01_referral_handoff,hx_hc01_referral_handoff/s4,,,,,,,
6562532a111003714e90d60454c7a6e85d7daa702599dd52ace80d43af3b2127,f7ba257aa6e6871ca03aec0e4faa205a38cb02922fe62b88e579bc78145a32ec,hx_hc01_referral_handoff,hx_hc01_referral_handoff/s5,,,,,,,
69a1f589b8c21dec8a85d033178f9241a9a95b710d6f25acbebd420e955b18d8,f685f6aef11bd73d1eb756d5aa6108c9ebad40fe0e91a86533d6b77027427944,hx_ed01_tutor_handoff,hx_ed01_tutor_handoff/s1,,,,,,,
69a1f589b8c21dec8a85d033178f9241a9a95b710d6f25acbebd420e955b18d8,f685f6aef11bd73d1eb756d5aa6108c9ebad40fe0e91a86533d6b77027427944,hx_ed01_tutor_handoff,hx_ed01_tutor_handoff/s2,,,,,,,
69a1f589b8c21dec8a85d033178f9241a9a95b710d6f25acbebd420e955b18d8,f685f6aef11bd73d1eb756d5aa6108c9ebad40fe0e91a86533d6b77027427944,hx_ed01_tutor_handoff,hx_ed01_tutor_handoff/s3,,,,,,,
69a1f589b8c21dec8a85d033178f9241a9a95b710d6f25acbebd420e955b18d8,f685f6aef11bd73d1eb756d5aa6108c9ebad40fe0e91a86533d6b77027427944,hx_ed01_tutor_handoff,hx_ed01_tutor_handoff/s4,,,,,,,
69a1f589b8c21dec8a85d033178f9241a9a95b710d6f25acbebd420e955b18d8,f685f6aef11bd73d1eb756d5aa6108c9ebad40fe0e91a86533d6b77027427944,hx_ed01_tutor_handoff,hx_ed01_tutor_handoff/s5,,,,,,,
69e82e6b18957f2f7ed17b9fde851dc316501fd7f09176c32c7880e347937dd7,fb10994ca751466b8bd0ca460d03e0dbebb3fe657f018e7aba152036e6402a59,ht_legal01_press_statement,ht_legal01_press_statement/s1,,,,,,,
69e82e6b18957f2f7ed17b9fde851dc316501fd7f09176c32c7880e347937dd7,fb10994ca751466b8bd0ca460d03e0dbebb3fe657f018e7aba152036e6402a59,ht_legal01_press_statement,ht_legal01_press_statement/s2,,,,,,,
69e82e6b18957f2f7ed17b9fde851dc316501fd7f09176c32c7880e347937dd7,fb10994ca751466b8bd0ca460d03e0dbebb3fe657f018e7aba152036e6402a59,ht_legal01_press_statement,ht_legal01_press_statement/s3,,,,,,,
69e82e6b18957f2f7ed17b9fde851dc316501fd7f09176c32c7880e347937dd7,fb10994ca751466b8bd0ca460d03e0dbebb3fe657f018e7aba152036e6402a59,ht_legal01_press_statement,ht_legal01_press_statement/s4,,,,,,,
69e82e6b18957f2f7ed17b9fde851dc316501fd7f09176c32c7880e347937dd7,fb10994ca751466b8bd0ca460d03e0dbebb3fe657f018e7aba152036e6402a59,ht_legal01_press_statement,ht_legal01_press_statement/s5,,,,,,,
6a6a4eb79fd5d07d4b7acc577dbf7d61437b10dd80ab709acbc7c138f0e6f5aa,d264da42172c6026f5b95268d2fa6112f668df0d6d52ec215095aae0529fe806,hx_in01_claim_status,hx_in01_claim_status/s1,,,,,,,
6a6a4eb79fd5d07d4b7acc577dbf7d61437b10dd80ab709acbc7c138f0e6f5aa,d264da42172c6026f5b95268d2fa6112f668df0d6d52ec215095aae0529fe806,hx_in01_claim_status,hx_in01_claim_status/s2,,,,,,,
6a6a4eb79fd5d07d4b7acc577dbf7d61437b10dd80ab709acbc7c138f0e6f5aa,d264da42172c6026f5b95268d2fa6112f668df0d6d52ec215095aae0529fe806,hx_in01_claim_status,hx_in01_claim_status/s3,,,,,,,
6a6a4eb79fd5d07d4b7acc577dbf7d61437b10dd80ab709acbc7c138f0e6f5aa,d264da42172c6026f5b95268d2fa6112f668df0d6d52ec215095aae0529fe806,hx_in01_claim_status,hx_in01_claim_status/s4,,,,,,,
6a6a4eb79fd5d07d4b7acc577dbf7d61437b10dd80ab709acbc7c138f0e6f5aa,d264da42172c6026f5b95268d2fa6112f668df0d6d52ec215095aae0529fe806,hx_in01_claim_status,hx_in01_claim_status/s5,,,,,,,
6f6c88d3c9c416e92aa22a3ffb4b69ce1b18393a0533d04bea1ea81fe6a21769,ad1c750e55604c145cfe5c1b23282ce43e59db693fc8d87c83f6808f01b41c06,hx_hr01_promotion_announce,hx_hr01_promotion_announce/s1,,,,,,,
6f6c88d3c9c416e92aa22a3ffb4b69ce1b18393a0533d04bea1ea81fe6a21769,ad1c750e55604c145cfe5c1b23282ce43e59db693fc8d87c83f6808f01b41c06,hx_hr01_promotion_announce,hx_hr01_promotion_announce/s2,,,,,,,
6f6c88d3c9c416e92aa22a3ffb4b69ce1b18393a0533d04bea1ea81fe6a21769,ad1c750e55604c145cfe5c1b23282ce43e59db693fc8d87c83f6808f01b41c06,hx_hr01_promotion_announce,hx_hr01_promotion_announce/s3,,,,,,,
6f6c88d3c9c416e92aa22a3ffb4b69ce1b18393a0533d04bea1ea81fe6a21769,ad1c750e55604c145cfe5c1b23282ce43e59db693fc8d87c83f6808f01b41c06,hx_hr01_promotion_announce,hx_hr01_promotion_announce/s4,,,,,,,
6f6c88d3c9c416e92aa22a3ffb4b69ce1b18393a0533d04bea1ea81fe6a21769,ad1c750e55604c145cfe5c1b23282ce43e59db693fc8d87c83f6808f01b41c06,hx_hr01_promotion_announce,hx_hr01_promotion_announce/s5,,,,,,,
702aeb27893cf8411f6794b070075d52a763abaae2592cb1b0d91c1e6e9a3a2b,bff5f394b293e0631c0213cd8126ed8a08dc9dad314a11a5f56d179f9e763ffa,ht_handoff01_agent_transfer,ht_handoff01_agent_transfer/s1,,,,,,,
702aeb27893cf8411f6794b070075d52a763abaae2592cb1b0d91c1e6e9a3a2b,bff5f394b293e0631c0213cd8126ed8a08dc9dad314a11a5f56d179f9e763ffa,ht_handoff01_agent_transfer,ht_handoff01_agent_transfer/s2,,,,,,,
702aeb27893cf8411f6794b070075d52a763abaae2592cb1b0d91c1e6e9a3a2b,bff5f394b293e0631c0213cd8126ed8a08dc9dad314a11a5f56d179f9e763ffa,ht_handoff01_agent_transfer,ht_handoff01_agent_transfer/s3,,,,,,,
702aeb27893cf8411f6794b070075d52a763abaae2592cb1b0d91c1e6e9a3a2b,bff5f394b293e0631c0213cd8126ed8a08dc9dad314a11a5f56d179f9e763ffa,ht_handoff01_agent_transfer,ht_handoff01_agent_transfer/s4,,,,,,,
702aeb27893cf8411f6794b070075d52a763abaae2592cb1b0d91c1e6e9a3a2b,bff5f394b293e0631c0213cd8126ed8a08dc9dad314a11a5f56d179f9e763ffa,ht_handoff01_agent_transfer,ht_handoff01_agent_transfer/s5,,,,,,,
7148934a5812eeb9b0505cd0b7b459d06806f407d724cbab394bec715b627835,7cf5177fafe554a2a69ea657916b52c6f241f9cca02c0f0d4f37fac6e8cf38e4,hx_fi01_loan_decline_letter,hx_fi01_loan_decline_letter/s1,,,,,,,
7148934a5812eeb9b0505cd0b7b459d06806f407d724cbab394bec715b627835,7cf5177fafe554a2a69ea657916b52c6f241f9cca02c0f0d4f37fac6e8cf38e4,hx_fi01_loan_decline_letter,hx_fi01_loan_decline_letter/s2,,,,,,,
7148934a5812eeb9b0505cd0b7b459d06806f407d724cbab394bec715b627835,7cf5177fafe554a2a69ea657916b52c6f241f9cca02c0f0d4f37fac6e8cf38e4,hx_fi01_loan_decline_letter,hx_fi01_loan_decline_letter/s3,,,,,,,
7148934a5812eeb9b0505cd0b7b459d06806f407d724cbab394bec715b627835,7cf5177fafe554a2a69ea657916b52c6f241f9cca02c0f0d4f37fac6e8cf38e4,hx_fi01_loan_decline_letter,hx_fi01_loan_decline_letter/s4,,,,,,,
7148934a5812eeb9b0505cd0b7b459d06806f407d724cbab394bec715b627835,7cf5177fafe554a2a69ea657916b52c6f241f9cca02c0f0d4f37fac6e8cf38e4,hx_fi01_loan_decline_letter,hx_fi01_loan_decline_letter/s5,,,,,,,
7a46e342275db79f781643dbf5574f36b2d6455586db77d251168a04af9c546c,2db42dbf46a24f0c45b328209794be27dca92b7e4c6cb873230634921d527d5e,ht_legal01_press_statement,ht_legal01_press_statement/s1,,,,,,,
7a46e342275db79f781643dbf5574f36b2d6455586db77d251168a04af9c546c,2db42dbf46a24f0c45b328209794be27dca92b7e4c6cb873230634921d527d5e,ht_legal01_press_statement,ht_legal01_press_statement/s2,,,,,,,
7a46e342275db79f781643dbf5574f36b2d6455586db77d251168a04af9c546c,2db42dbf46a24f0c45b328209794be27dca92b7e4c6cb873230634921d527d5e,ht_legal01_press_statement,ht_legal01_press_statement/s3,,,,,,,
7a46e342275db79f781643dbf5574f36b2d6455586db77d251168a04af9c546c,2db42dbf46a24f0c45b328209794be27dca92b7e4c6cb873230634921d527d5e,ht_legal01_press_statement,ht_legal01_press_statement/s4,,,,,,,
7a46e342275db79f781643dbf5574f36b2d6455586db77d251168a04af9c546c,2db42dbf46a24f0c45b328209794be27dca92b7e4c6cb873230634921d527d5e,ht_legal01_press_statement,ht_legal01_press_statement/s5,,,,,,,
7b6c6c38623a2156945f2d40bf62baf0c73a12d44ea23afd1234352ed18d1c9d,254785f0458d7a2ffe14a47796ff28d3d4d5b9e3e8328f5eed21dfc6a8bae00e,hx_ed01_tutor_handoff,hx_ed01_tutor_handoff/s1,,,,,,,
7b6c6c38623a2156945f2d40bf62baf0c73a12d44ea23afd1234352ed18d1c9d,254785f0458d7a2ffe14a47796ff28d3d4d5b9e3e8328f5eed21dfc6a8bae00e,hx_ed01_tutor_handoff,hx_ed01_tutor_handoff/s2,,,,,,,
7b6c6c38623a2156945f2d40bf62baf0c73a12d44ea23afd1234352ed18d1c9d,254785f0458d7a2ffe14a47796ff28d3d4d5b9e3e8328f5eed21dfc6a8bae00e,hx_ed01_tutor_handoff,hx_ed01_tutor_handoff/s3,,,,,,,
7b6c6c38623a2156945f2d40bf62baf0c73a12d44ea23afd1234352ed18d1c9d,254785f0458d7a2ffe14a47796ff28d3d4d5b9e3e8328f5eed21dfc6a8bae00e,hx_ed01_tutor_handoff,hx_ed01_tutor_handoff/s4,,,,,,,
7b6c6c38623a2156945f2d40bf62baf0c73a12d44ea23afd1234352ed18d1c9d,254785f0458d7a2ffe14a47796ff28d3d4d5b9e3e8328f5eed21dfc6a8bae00e,hx_ed01_tutor_handoff,hx_ed01_tutor_handoff/s5,,,,,,,
7be0326f7e4ecddb655b87ff1a26ff14bafc24f2ce2eb79b267ececfa3a9cedd,c158b443f0ea72a898a9b24f30b4c30c97affcfad2a15530647768b399030422,hx_le02_paralegal_brief,hx_le02_paralegal_brief/s1,,,,,,,
7be0326f7e4ecddb655b87ff1a26ff14bafc24f2ce2eb79b267ececfa3a9cedd,c158b443f0ea72a898a9b24f30b4c30c97affcfad2a15530647768b399030422,hx_le02_paralegal_brief,hx_le02_paralegal_brief/s2,,,,,,,
7be0326f7e4ecddb655b87ff1a26ff14bafc24f2ce2eb79b267ececfa3a9cedd,c158b443f0ea72a898a9b24f30b4c30c97affcfad2a15530647768b399030422,hx_le02_paralegal_brief,hx_le02_paralegal_brief/s3,,,,,,,
7be0326f7e4ecddb655b87ff1a26ff14bafc24f2ce2eb79b267ececfa3a9cedd,c158b443f0ea72a898a9b24f30b4c30c97affcfad2a15530647768b399030422,hx_le02_paralegal_brief,hx_le02_paralegal_brief/s4,,,,,,,
7be0326f7e4ecddb655b87ff1a26ff14bafc24f2ce2eb79b267ececfa3a9cedd,c158b443f0ea72a898a9b24f30b4c30c97affcfad2a15530647768b399030422,hx_le02_paralegal_brief,hx_le02_paralegal_brief/s5,,,,,,,
87ab1fba3f8208d36f6b16249894a8bf74d78f8e2afcb324b9e05c1301199486,dbb0d7f066cea7e6d13b579efc3942ae60723b6201de534f06a1c287b1b92b9d,hx_in02_renewal_notice,hx_in02_renewal_notice/s1,,,,,,,
87ab1fba3f8208d36f6b16249894a8bf74d78f8e2afcb324b9e05c1301199486,dbb0d7f066cea7e6d13b579efc3942ae60723b6201de534f06a1c287b1b92b9d,hx_in02_renewal_notice,hx_in02_renewal_notice/s2,,,,,,,
87ab1fba3f8208d36f6b16249894a8bf74d78f8e2afcb324b9e05c1301199486,dbb0d7f066cea7e6d13b579efc3942ae60723b6201de534f06a1c287b1b92b9d,hx_in02_renewal_notice,hx_in02_renewal_notice/s3,,,,,,,
87ab1fba3f8208d36f6b16249894a8bf74d78f8e2afcb324b9e05c1301199486,dbb0d7f066cea7e6d13b579efc3942ae60723b6201de534f06a1c287b1b92b9d,hx_in02_renewal_notice,hx_in02_renewal_notice/s4,,,,,,,
87ab1fba3f8208d36f6b16249894a8bf74d78f8e2afcb324b9e05c1301199486,dbb0d7f066cea7e6d13b579efc3942ae60723b6201de534f06a1c287b1b92b9d,hx_in02_renewal_notice,hx_in02_renewal_notice/s5,,,,,,,
880a7908bf9a2fffb75da2ad6dc1c4f9ced1f7fd2278d80e21e9fa8ae4a69a8b,32fcbe49b2217b8a5dd9625484873c008be62bf7630beee934f0d250164c563f,ht_hr01_team_intro,ht_hr01_team_intro/s1,,,,,,,
880a7908bf9a2fffb75da2ad6dc1c4f9ced1f7fd2278d80e21e9fa8ae4a69a8b,32fcbe49b2217b8a5dd9625484873c008be62bf7630beee934f0d250164c563f,ht_hr01_team_intro,ht_hr01_team_intro/s2,,,,,,,
880a7908bf9a2fffb75da2ad6dc1c4f9ced1f7fd2278d80e21e9fa8ae4a69a8b,32fcbe49b2217b8a5dd9625484873c008be62bf7630beee934f0d250164c563f,ht_hr01_team_intro,ht_hr01_team_intro/s3,,,,,,,
880a7908bf9a2fffb75da2ad6dc1c4f9ced1f7fd2278d80e21e9fa8ae4a69a8b,32fcbe49b2217b8a5dd9625484873c008be62bf7630beee934f0d250164c563f,ht_hr01_team_intro,ht_hr01_team_intro/s4,,,,,,,
880a7908bf9a2fffb75da2ad6dc1c4f9ced1f7fd2278d80e21e9fa8ae4a69a8b,32fcbe49b2217b8a5dd9625484873c008be62bf7630beee934f0d250164c563f,ht_hr01_team_intro,ht_hr01_team_intro/s5,,,,,,,
890eda21ab247ae4cc126720e49d1768f690ad1a153a08dccb091fa5db20342f,c5d7920c397de2aab96d06c85173ae11c26455026718f6dfeaaae6e740252f75,ht_soc01_recovery_blogpost,ht_soc01_recovery_blogpost/s1,,,,,,,
890eda21ab247ae4cc126720e49d1768f690ad1a153a08dccb091fa5db20342f,c5d7920c397de2aab96d06c85173ae11c26455026718f6dfeaaae6e740252f75,ht_soc01_recovery_blogpost,ht_soc01_recovery_blogpost/s2,,,,,,,
890eda21ab247ae4cc126720e49d1768f690ad1a153a08dccb091fa5db20342f,c5d7920c397de2aab96d06c85173ae11c26455026718f6dfeaaae6e740252f75,ht_soc01_recovery_blogpost,ht_soc01_recovery_blogpost/s3,,,,,,,
890eda21ab247ae4cc126720e49d1768f690ad1a153a08dccb091fa5db20342f,c5d7920c397de2aab96d06c85173ae11c26455026718f6dfeaaae6e740252f75,ht_soc01_recovery_blogpost,ht_soc01_recovery_blogpost/s4,,,,,,,
890eda21ab247ae4cc126720e49d1768f690ad1a153a08dccb091fa5db20342f,c5d7920c397de2aab96d06c85173ae11c26455026718f6dfeaaae6e740252f75,ht_soc01_recovery_blogpost,ht_soc01_recovery_blogpost/s5,,,,,,,
8eb9c8469b72834adc8d40a5f3e2dff5e96fb079c425ac2d457fd093c9df4eae,6cbebd4655a65670c5c057c1e0282bc984835c769fe5f05ce821121a554b5106,ht_hc01_empathetic_reminder,ht_hc01_empathetic_reminder/s1,,,,,,,
8eb9c8469b72834adc8d40a5f3e2dff5e96fb079c425ac2d457fd093c9df4eae,6cbebd4655a65670c5c057c1e0282bc984835c769fe5f05ce821121a554b5106,ht_hc01_empathetic_reminder,ht_hc01_empathetic_reminder/s2,,,,,,,
8eb9c8469b72834adc8d40a5f3e2dff5e96fb079c425ac2d457fd093c9df4eae,6cbebd4655a65670c5c057c1e0282bc984835c769fe5f05ce821121a554b5106,ht_hc01_empathetic_reminder,ht_hc01_empathetic_reminder/s3,,,,,,,
8eb9c8469b72834adc8d40a5f3e2dff5e96fb079c425ac2d457fd093c9df4eae,6cbebd4655a65670c5c057c1e0282bc984835c769fe5f05ce821121a554b5106,ht_hc01_empathetic_reminder,ht_hc01_empathetic_reminder/s4,,,,,,,
8eb9c8469b72834adc8d40a5f3e2dff5e96fb079c425ac2d457fd093c9df4eae,6cbebd4655a65670c5c057c1e0282bc984835c769fe5f05ce821121a554b5106,ht_hc01_empathetic_reminder,ht_hc01_empathetic_reminder/s5,,,,,,,
90767a35c50aa93389d7cbdb94e4207c3d8993036c89cd06cc4cce8d62e517d7,3e56a35c49647d98526dc3f1008d56cf68211ae3f2800bc17b228000b48c1534,hx_fi02_advisor_handoff,hx_fi02_advisor_handoff/s1,,,,,,,
90767a35c50aa93389d7cbdb94e4207c3d8993036c89cd06cc4cce8d62e517d7,3e56a35c49647d98526dc3f1008d56cf68211ae3f2800bc17b228000b48c1534,hx_fi02_advisor_handoff,hx_fi02_advisor_handoff/s2,,,,,,,
90767a35c50aa93389d7cbdb94e4207c3d8993036c89cd06cc4cce8d62e517d7,3e56a35c49647d98526dc3f1008d56cf68211ae3f2800bc17b228000b48c1534,hx_fi02_advisor_handoff,hx_fi02_advisor_handoff/s3,,,,,,,
90767a35c50aa93389d7cbdb94e4207c3d8993036c89cd06cc4cce8d62e517d7,3e56a35c49647d98526dc3f1008d56cf68211ae3f2800bc17b228000b48c1534,hx_fi02_advisor_handoff,hx_fi02_advisor_handoff/s4,,,,,,,
90767a35c50aa93389d7cbdb94e4207c3d8993036c89cd06cc4cce8d62e517d7,3e56a35c49647d98526dc3f1008d56cf68211ae3f2800bc17b228000b48c1534,hx_fi02_advisor_handoff,hx_fi02_advisor_handoff/s5,,,,,,,
98493c159f89d255628d286cb48ee392ea3f57b634c4cb60b32b943c4142b886,1a3b15edb032874a216cc62077c621687e8578b034c5bb2ac749dfd68b7fafc5,ht_re01_buyer_pitch,ht_re01_buyer_pitch/s1,,,,,,,
98493c159f89d255628d286cb48ee392ea3f57b634c4cb60b32b943c4142b886,1a3b15edb032874a216cc62077c621687e8578b034c5bb2ac749dfd68b7fafc5,ht_re01_buyer_pitch,ht_re01_buyer_pitch/s2,,,,,,,
98493c159f89d255628d286cb48ee392ea3f57b634c4cb60b32b943c4142b886,1a3b15edb032874a216cc62077c621687e8578b034c5bb2ac749dfd68b7fafc5,ht_re01_buyer_pitch,ht_re01_buyer_pitch/s3,,,,,,,
98493c159f89d255628d286cb48ee392ea3f57b634c4cb60b32b943c4142b886,1a3b15edb032874a216cc62077c621687e8578b034c5bb2ac749dfd68b7fafc5,ht_re01_buyer_pitch,ht_re01_buyer_pitch/s4,,,,,,,
98493c159f89d255628d286cb48ee392ea3f57b634c4cb60b32b943c4142b886,1a3b15edb032874a216cc62077c621687e8578b034c5bb2ac749dfd68b7fafc5,ht_re01_buyer_pitch,ht_re01_buyer_pitch/s5,,,,,,,
99da407a617851ddf27ec86b7c16cb9a2b511d9801438856638f8deb01ff442f,4fa3ebe08aec67130e61be9dad6fc017aa22cf8577df50404f58b4b883b978d1,hx_go01_permit_approval,hx_go01_permit_approval/s1,,,,,,,
99da407a617851ddf27ec86b7c16cb9a2b511d9801438856638f8deb01ff442f,4fa3ebe08aec67130e61be9dad6fc017aa22cf8577df50404f58b4b883b978d1,hx_go01_permit_approval,hx_go01_permit_approval/s2,,,,,,,
99da407a617851ddf27ec86b7c16cb9a2b511d9801438856638f8deb01ff442f,4fa3ebe08aec67130e61be9dad6fc017aa22cf8577df50404f58b4b883b978d1,hx_go01_permit_approval,hx_go01_permit_approval/s3,,,,,,,
99da407a617851ddf27ec86b7c16cb9a2b511d9801438856638f8deb01ff442f,4fa3ebe08aec67130e61be9dad6fc017aa22cf8577df50404f58b4b883b978d1,hx_go01_permit_approval,hx_go01_permit_approval/s4,,,,,,,
99da407a617851ddf27ec86b7c16cb9a2b511d9801438856638f8deb01ff442f,4fa3ebe08aec67130e61be9dad6fc017aa22cf8577df50404f58b4b883b978d1,hx_go01_permit_approval,hx_go01_permit_approval/s5,,,,,,,
9d41d616f92f282c52d5c78ffc87aa7fbb44392d41d45e8b4143ddc2abaaf382,24bc476f4dd1cbc8c0bbbd22d80d0868a7676b30097c8ded4b2dce7c832b9323,hx_fi01_loan_decline_letter,hx_fi01_loan_decline_letter/s1,,,,,,,
9d41d616f92f282c52d5c78ffc87aa7fbb44392d41d45e8b4143ddc2abaaf382,24bc476f4dd1cbc8c0bbbd22d80d0868a7676b30097c8ded4b2dce7c832b9323,hx_fi01_loan_decline_letter,hx_fi01_loan_decline_letter/s2,,,,,,,
9d41d616f92f282c52d5c78ffc87aa7fbb44392d41d45e8b4143ddc2abaaf382,24bc476f4dd1cbc8c0bbbd22d80d0868a7676b30097c8ded4b2dce7c832b9323,hx_fi01_loan_decline_letter,hx_fi01_loan_decline_letter/s3,,,,,,,
9d41d616f92f282c52d5c78ffc87aa7fbb44392d41d45e8b4143ddc2abaaf382,24bc476f4dd1cbc8c0bbbd22d80d0868a7676b30097c8ded4b2dce7c832b9323,hx_fi01_loan_decline_letter,hx_fi01_loan_decline_letter/s4,,,,,,,
9d41d616f92f282c52d5c78ffc87aa7fbb44392d41d45e8b4143ddc2abaaf382,24bc476f4dd1cbc8c0bbbd22d80d0868a7676b30097c8ded4b2dce7c832b9323,hx_fi01_loan_decline_letter,hx_fi01_loan_decline_letter/s5,,,,,,,
9ea260abba4c38fec96d951d65e8685c3a1a1faa0ae823d655f535760a49ccdd,51fb2c384247b2a303f3783a00a8c85cd07e0aac430b01ad8092f7b47b85ef1f,hx_sh01_order_followup,hx_sh01_order_followup/s1,,,,,,,
9ea260abba4c38fec96d951d65e8685c3a1a1faa0ae823d655f535760a49ccdd,51fb2c384247b2a303f3783a00a8c85cd07e0aac430b01ad8092f7b47b85ef1f,hx_sh01_order_followup,hx_sh01_order_followup/s2,,,,,,,
9ea260abba4c38fec96d951d65e8685c3a1a1faa0ae823d655f535760a49ccdd,51fb2c384247b2a303f3783a00a8c85cd07e0aac430b01ad8092f7b47b85ef1f,hx_sh01_order_followup,hx_sh01_order_followup/s3,,,,,,,
9ea260abba4c38fec96d951d65e8685c3a1a1faa0ae823d655f535760a49ccdd,51fb2c384247b2a303f3783a00a8c85cd07e0aac430b01ad8092f7b47b85ef1f,hx_sh01_order_followup,hx_sh01_order_followup/s4,,,,,,,
9ea260abba4c38fec96d951d65e8685c3a1a1faa0ae823d655f535760a49ccdd,51fb2c384247b2a303f3783a00a8c85cd07e0aac430b01ad8092f7b47b85ef1f,hx_sh01_order_followup,hx_sh01_order_followup/s5,,,,,,,
a0016f0fad0a34c5762b0b5c57c6a3f102900c48f4387b6182fe12bbbd777418,e36e8539697a5fb3e9834f40aecc3ff992f0881019fa8a0f95bd873bb8fd5496,hx_sh02_warranty_claim,hx_sh02_warranty_claim/s1,,,,,,,
a0016f0fad0a34c5762b0b5c57c6a3f102900c48f4387b6182fe12bbbd777418,e36e8539697a5fb3e9834f40aecc3ff992f0881019fa8a0f95bd873bb8fd5496,hx_sh02_warranty_claim,hx_sh02_warranty_claim/s2,,,,,,,
a0016f0fad0a34c5762b0b5c57c6a3f102900c48f4387b6182fe12bbbd777418,e36e8539697a5fb3e9834f40aecc3ff992f0881019fa8a0f95bd873bb8fd5496,hx_sh02_warranty_claim,hx_sh02_warranty_claim/s3,,,,,,,
a0016f0fad0a34c5762b0b5c57c6a3f102900c48f4387b6182fe12bbbd777418,e36e8539697a5fb3e9834f40aecc3ff992f0881019fa8a0f95bd873bb8fd5496,hx_sh02_warranty_claim,hx_sh02_warranty_claim/s4,,,,,,,
a0016f0fad0a34c5762b0b5c57c6a3f102900c48f4387b6182fe12bbbd777418,e36e8539697a5fb3e9834f40aecc3ff992f0881019fa8a0f95bd873bb8fd5496,hx_sh02_warranty_claim,hx_sh02_warranty_claim/s5,,,,,,,
a10eba9d9c4e4f1eac899855692c91aeb715586d8889ce6e8c6d0a7b14d4ca68,a8fdcab22000263124b4ec988759bd823232b5c2ec4a77fdf9fcbd42c2050139,hx_sh02_warranty_claim,hx_sh02_warranty_claim/s1,,,,,,,
a10eba9d9c4e4f1eac899855692c91aeb715586d8889ce6e8c6d0a7b14d4ca68,a8fdcab22000263124b4ec988759bd823232b5c2ec4a77fdf9fcbd42c2050139,hx_sh02_warranty_claim,hx_sh02_warranty_claim/s2,,,,,,,
a10eba9d9c4e4f1eac899855692c91aeb715586d8889ce6e8c6d0a7b14d4ca68,a8fdcab22000263124b4ec988759bd823232b5c2ec4a77fdf9fcbd42c2050139,hx_sh02_warranty_claim,hx_sh02_warranty_claim/s3,,,,,,,
a10eba9d9c4e4f1eac899855692c91aeb715586d8889ce6e8c6d0a7b14d4ca68,a8fdcab22000263124b4ec988759bd823232b5c2ec4a77fdf9fcbd42c2050139,hx_sh02_warranty_claim,hx_sh02_warranty_claim/s4,,,,,,,
a10eba9d9c4e4f1eac899855692c91aeb715586d8889ce6e8c6d0a7b14d4ca68,a8fdcab22000263124b4ec988759bd823232b5c2ec4a77fdf9fcbd42c2050139,hx_sh02_warranty_claim,hx_sh02_warranty_claim/s5,,,,,,,
a23c63b178c55b9aec30ac55dc1cb140a9b0ab02421e1367680c005246229441,397d50bf3a63c5477f1a203b11320c911d25a6ad996f7de41d00163b3cc33298,ht_fin01_collections_email,ht_fin01_collections_email/s1,,,,,,,
a23c63b178c55b9aec30ac55dc1cb140a9b0ab02421e1367680c005246229441,397d50bf3a63c5477f1a203b11320c911d25a6ad996f7de41d00163b3cc33298,ht_fin01_collections_email,ht_fin01_collections_email/s2,,,,,,,
a23c63b178c55b9aec30ac55dc1cb140a9b0ab02421e1367680c005246229441,397d50bf3a63c5477f1a203b11320c911d25a6ad996f7de41d00163b3cc33298,ht_fin01_collections_email,ht_fin01_collections_email/s3,,,,,,,
a23c63b178c55b9aec30ac55dc1cb140a9b0ab02421e1367680c005246229441,397d50bf3a63c5477f1a203b11320c911d25a6ad996f7de41d00163b3cc33298,ht_fin01_collections_email,ht_fin01_collections_email/s4,,,,,,,
a23c63b178c55b9aec30ac55dc1cb140a9b0ab02421e1367680c005246229441,397d50bf3a63c5477f1a203b11320c911d25a6ad996f7de41d00163b3cc33298,ht_fin01_collections_email,ht_fin01_collections_email/s5,,,,,,,
a2db44954cad6b91aa8846db9813ee42c313ca7b7e20d5e8e66d5e53d1ce3759,f403594f732a3dd8139182f5a7ee8abafe7ccf5d2ae2a101b14240cd4546c47a,hx_tr01_visa_letter,hx_tr01_visa_letter/s1,,,,,,,
a2db44954cad6b91aa8846db9813ee42c313ca7b7e20d5e8e66d5e53d1ce3759,f403594f732a3dd8139182f5a7ee8abafe7ccf5d2ae2a101b14240cd4546c47a,hx_tr01_visa_letter,hx_tr01_visa_letter/s2,,,,,,,
a2db44954cad6b91aa8846db9813ee42c313ca7b7e20d5e8e66d5e53d1ce3759,f403594f732a3dd8139182f5a7ee8abafe7ccf5d2ae2a101b14240cd4546c47a,hx_tr01_visa_letter,hx_tr01_visa_letter/s3,,,,,,,
a2db44954cad6b91aa8846db9813ee42c313ca7b7e20d5e8e66d5e53d1ce3759,f403594f732a3dd8139182f5a7ee8abafe7ccf5d2ae2a101b14240cd4546c47a,hx_tr01_visa_letter,hx_tr01_visa_letter/s4,,,,,,,
a2db44954cad6b91aa8846db9813ee42c313ca7b7e20d5e8e66d5e53d1ce3759,f403594f732a3dd8139182f5a7ee8abafe7ccf5d2ae2a101b14240cd4546c47a,hx_tr01_visa_letter,hx_tr01_visa_letter/s5,,,,,,,
a824d3534687351c7384d73f80a1ddb58cc1a2bcf4e28d1ca7ad0a767ae245ca,a0539cbdf0b83779bc9e8bbd0c58e649cac183c5927b7da68358be65d853f724,ht_edu01_recommendation_letter,ht_edu01_recommendation_letter/s1,,,,,,,
a824d3534687351c7384d73f80a1ddb58cc1a2bcf4e28d1ca7ad0a767ae245ca,a0539cbdf0b83779bc9e8bbd0c58e649cac183c5927b7da68358be65d853f724,ht_edu01_recommendation_letter,ht_edu01_recommendation_letter/s2,,,,,,,
a824d3534687351c7384d73f80a1ddb58cc1a2bcf4e28d1ca7ad0a767ae245ca,a0539cbdf0b83779bc9e8bbd0c58e649cac183c5927b7da68358be65d853f724,ht_edu01_recommendation_letter,ht_edu01_recommendation_letter/s3,,,,,,,
a824d3534687351c7384d73f80a1ddb58cc1a2bcf4e28d1ca7ad0a767ae245ca,a0539cbdf0b83779bc9e8bbd0c58e649cac183c5927b7da68358be65d853f724,ht_edu01_recommendation_letter,ht_edu01_recommendation_letter/s4,,,,,,,
a824d3534687351c7384d73f80a1ddb58cc1a2bcf4e28d1ca7ad0a767ae245ca,a0539cbdf0b83779bc9e8bbd0c58e649cac183c5927b7da68358be65d853f724,ht_edu01_recommendation_letter,ht_edu01_recommendation_letter/s5,,,,,,,
a82d5046a4a171d6ad90f67a304747db1a5a3e1b9b5c1ed22b9ef50e4119aa48,13b76087872ff91a08e5f572fa99dbfe311096c0269d2a192cf9d621d3045ec4,hx_hr02_reference_letter,hx_hr02_reference_letter/s1,,,,,,,
a82d5046a4a171d6ad90f67a304747db1a5a3e1b9b5c1ed22b9ef50e4119aa48,13b76087872ff91a08e5f572fa99dbfe311096c0269d2a192cf9d621d3045ec4,hx_hr02_reference_letter,hx_hr02_reference_letter/s2,,,,,,,
a82d5046a4a171d6ad90f67a304747db1a5a3e1b9b5c1ed22b9ef50e4119aa48,13b76087872ff91a08e5f572fa99dbfe311096c0269d2a192cf9d621d3045ec4,hx_hr02_reference_letter,hx_hr02_reference_letter/s3,,,,,,,
a82d5046a4a171d6ad90f67a304747db1a5a3e1b9b5c1ed22b9ef50e4119aa48,13b76087872ff91a08e5f572fa99dbfe311096c0269d2a192cf9d621d3045ec4,hx_hr02_reference_letter,hx_hr02_reference_letter/s4,,,,,,,
a82d5046a4a171d6ad90f67a304747db1a5a3e1b9b5c1ed22b9ef50e4119aa48,13b76087872ff91a08e5f572fa99dbfe311096c0269d2a192cf9d621d3045ec4,hx_hr02_reference_letter,hx_hr02_reference_letter/s5,,,,,,,
abcd6f0063bc0afe2c8646a80cc1dbf8fef42f305e7028ae713583604f699c60,4aef3e95eca1008d37281096bba3e6a178b724d2330e6b87fd5d3c177f55550a,ht_handoff01_agent_transfer,ht_handoff01_agent_transfer/s1,,,,,,,
abcd6f0063bc0afe2c8646a80cc1dbf8fef42f305e7028ae713583604f699c60,4aef3e95eca1008d37281096bba3e6a178b724d2330e6b87fd5d3c177f55550a,ht_handoff01_agent_transfer,ht_handoff01_agent_transfer/s2,,,,,,,
abcd6f0063bc0afe2c8646a80cc1dbf8fef42f305e7028ae713583604f699c60,4aef3e95eca1008d37281096bba3e6a178b724d2330e6b87fd5d3c177f55550a,ht_handoff01_agent_transfer,ht_handoff01_agent_transfer/s3,,,,,,,
abcd6f0063bc0afe2c8646a80cc1dbf8fef42f305e7028ae713583604f699c60,4aef3e95eca1008d37281096bba3e6a178b724d2330e6b87fd5d3c177f55550a,ht_handoff01_agent_transfer,ht_handoff01_agent_transfer/s4,,,,,,,
abcd6f0063bc0afe2c8646a80cc1dbf8fef42f305e7028ae713583604f699c60,4aef3e95eca1008d37281096bba3e6a178b724d2330e6b87fd5d3c177f55550a,ht_handoff01_agent_transfer,ht_handoff01_agent_transfer/s5,,,,,,,
b56210fb7f62bb751b10e27ef040d05d4bd2b4d42f01c0d07fe9b093f93d384a,ecfeae18ab68717f527754f50aa340517d0bff09a0b49b27c89c4960640b33e1,hx_cs01_refund_escalation,hx_cs01_refund_escalation/s1,,,,,,,
b56210fb7f62bb751b10e27ef040d05d4bd2b4d42f01c0d07fe9b093f93d384a,ecfeae18ab68717f527754f50aa340517d0bff09a0b49b27c89c4960640b33e1,hx_cs01_refund_escalation,hx_cs01_refund_escalation/s2,,,,,,,
b56210fb7f62bb751b10e27ef040d05d4bd2b4d42f01c0d07fe9b093f93d384a,ecfeae18ab68717f527754f50aa340517d0bff09a0b49b27c89c4960640b33e1,hx_cs01_refund_escalation,hx_cs01_refund_escalation/s3,,,,,,,
b56210fb7f62bb751b10e27ef040d05d4bd2b4d42f01c0d07fe9b093f93d384a,ecfeae18ab68717f527754f50aa340517d0bff09a0b49b27c89c4960640b33e1,hx_cs01_refund_escalation,hx_cs01_refund_escalation/s4,,,,,,,
b56210fb7f62bb751b10e27ef040d05d4bd2b4d42f01c0d07fe9b093f93d384a,ecfeae18ab68717f527754f50aa340517d0bff09a0b49b27c89c4960640b33e1,hx_cs01_refund_escalation,hx_cs01_refund_escalation/s5,,,,,,,
bcd86ca469afb6a8ed84c72a606688416aff75cccde76007f122b794bc52641f,5557e42f84a047071007ba2f0a207a628b13a39890f73dbab0ce815d10343617,ht_cs01_public_forum_reply,ht_cs01_public_forum_reply/s1,,,,,,,
bcd86ca469afb6a8ed84c72a606688416aff75cccde76007f122b794bc52641f,5557e42f84a047071007ba2f0a207a628b13a39890f73dbab0ce815d10343617,ht_cs01_public_forum_reply,ht_cs01_public_forum_reply/s2,,,,,,,
bcd86ca469afb6a8ed84c72a606688416aff75cccde76007f122b794bc52641f,5557e42f84a047071007ba2f0a207a628b13a39890f73dbab0ce815d10343617,ht_cs01_public_forum_reply,ht_cs01_public_forum_reply/s3,,,,,,,
bcd86ca469afb6a8ed84c72a606688416aff75cccde76007f122b794bc52641f,5557e42f84a047071007ba2f0a207a628b13a39890f73dbab0ce815d10343617,ht_cs01_public_forum_reply,ht_cs01_public_forum_reply/s4,,,,,,,
bcd86ca469afb6a8ed84c72a606688416aff75cccde76007f122b794bc52641f,5557e42f84a047071007ba2f0a207a628b13a39890f73dbab0ce815d10343617,ht_cs01_public_forum_reply,ht_cs01_public_forum_reply/s5,,,,,,,
c93605cff42f589c1ea554dce5f3d6113a54080476ffe75886010e9e9cb45aaa,42695ab70fa797f96478954bf1e712953eda786e810af1db47357798213f9f83,hx_go01_permit_approval,hx_go01_permit_approval/s1,,,,,,,
c93605cff42f589c1ea554dce5f3d6113a54080476ffe75886010e9e9cb45aaa,42695ab70fa797f96478954bf1e712953eda786e810af1db47357798213f9f83,hx_go01_permit_approval,hx_go01_permit_approval/s2,,,,,,,
c93605cff42f589c1ea554dce5f3d6113a54080476ffe75886010e9e9cb45aaa,42695ab70fa797f96478954bf1e712953eda786e810af1db47357798213f9f83,hx_go01_permit_approval,hx_go01_permit_approval/s3,,,,,,,
c93605cff42f589c1ea554dce5f3d6113a54080476ffe75886010e9e9cb45aaa,42695ab70fa797f96478954bf1e712953eda786e810af1db47357798213f9f83,hx_go01_permit_approval,hx_go01_permit_approval/s4,,,,,,,
c93605cff42f589c1ea554dce5f3d6113a54080476ffe75886010e9e9cb45aaa,42695ab70fa797f96478954bf1e712953eda786e810af1db47357798213f9f83,hx_go01_permit_approval,hx_go01_permit_approval/s5,,,,,,,
ced305a0b64c442897ab29f09d8b1694d3612d7caf77b4a869021022fccddd5e,c662e8052b34936e15ee5ba1c9b77880d3ccc589762c6b9f64ec71a0ad7b56ca,hx_cs01_refund_escalation,hx_cs01_refund_escalation/s1,,,,,,,
ced305a0b64c442897ab29f09d8b1694d3612d7caf77b4a869021022fccddd5e,c662e8052b34936e15ee5ba1c9b77880d3ccc589762c6b9f64ec71a0ad7b56ca,hx_cs01_refund_escalation,hx_cs01_refund_escalation/s2,,,,,,,
ced305a0b64c442897ab29f09d8b1694d3612d7caf77b4a869021022fccddd5e,c662e8052b34936e15ee5ba1c9b77880d3ccc589762c6b9f64ec71a0ad7b56ca,hx_cs01_refund_escalation,hx_cs01_refund_escalation/s3,,,,,,,
ced305a0b64c442897ab29f09d8b1694d3612d7caf77b4a869021022fccddd5e,c662e8052b34936e15ee5ba1c9b77880d3ccc589762c6b9f64ec71a0ad7b56ca,hx_cs01_refund_escalation,hx_cs01_refund_escalation/s4,,,,,,,
ced305a0b64c442897ab29f09d8b1694d3612d7caf77b4a869021022fccddd5e,c662e8052b34936e15ee5ba1c9b77880d3ccc589762c6b9f64ec71a0ad7b56ca,hx_cs01_refund_escalation,hx_cs01_refund_escalation/s5,,,,,,,
cfff177ea0764f71cac6c8dc014f67a81a4243bcedabb1262aa624d3024b7f40,c5470daccf0f51d8dd72799a40f88f0ca652b246662eb04dccdcfe8c68c2396d,hx_so01_birthday_post,hx_so01_birthday_post/s1,,,,,,,
cfff177ea0764f71cac6c8dc014f67a81a4243bcedabb1262aa624d3024b7f40,c5470daccf0f51d8dd72799a40f88f0ca652b246662eb04dccdcfe8c68c2396d,hx_so01_birthday_post,hx_so01_birthday_post/s2,,,,,,,
cfff177ea0764f71cac6c8dc014f67a81a4243bcedabb1262aa624d3024b7f40,c5470daccf0f51d8dd72799a40f88f0ca652b246662eb04dccdcfe8c68c2396d,hx_so01_birthday_post,hx_so01_birthday_post/s3,,,,,,,
cfff177ea0764f71cac6c8dc014f67a81a4243bcedabb1262aa624d3024b7f40,c5470daccf0f51d8dd72799a40f88f0ca652b246662eb04dccdcfe8c68c2396d,hx_so01_birthday_post,hx_so01_birthday_post/s4,,,,,,,
cfff177ea0764f71cac6c8dc014f67a81a4243bcedabb1262aa624d3024b7f40,c5470daccf0f51d8dd72799a40f88f0ca652b246662eb04dccdcfe8c68c2396d,hx_so01_birthday_post,hx_so01_birthday_post/s5,,,,,,,
da58ca696e1fed8d45376d52643d32e718e4c3125f7f947416d11011e908f66b,81759772407f5ed53ea689bb390117873216f515a2f43899ea612de9f0415443,hx_sh01_order_followup,hx_sh01_order_followup/s1,,,,,,,
da58ca696e1fed8d45376d52643d32e718e4c3125f7f947416d11011e908f66b,81759772407f5ed53ea689bb390117873216f515a2f43899ea612de9f0415443,hx_sh01_order_followup,hx_sh01_order_followup/s2,,,,,,,
da58ca696e1fed8d45376d52643d32e718e4c3125f7f947416d11011e908f66b,81759772407f5ed53ea689bb390117873216f515a2f43899ea612de9f0415443,hx_sh01_order_followup,hx_sh01_order_followup/s3,,,,,,,
da58ca696e1fed8d45376d52643d32e718e4c3125f7f947416d11011e908f66b,81759772407f5ed53ea689bb390117873216f515a2f43899ea612de9f0415443,hx_sh01_order_followup,hx_sh01_order_followup/s4,,,,,,,
da58ca696e1fed8d45376d52643d32e718e4c3125f7f947416d11011e908f66b,81759772407f5ed53ea689bb390117873216f515a2f43899ea612de9f0415443,hx_sh01_order_followup,hx_sh01_order_followup/s5,,,,,,,
de8e2e4f1f6d76557be56028931ec7f5be38d386a4508774a29d2e3a2336f7b3,77184b4d6aa6beffcdeb26280e2cc500fcd307b87a564de910e9882a6c95fc8e,hx_re01_viewing_confirm,hx_re01_viewing_confirm/s1,,,,,,,
de8e2e4f1f6d76557be56028931ec7f5be38d386a4508774a29d2e3a2336f7b3,77184b4d6aa6beffcdeb26280e2cc500fcd307b87a564de910e9882a6c95fc8e,hx_re01_viewing_confirm,hx_re01_viewing_confirm/s2,,,,,,,
de8e2e4f1f6d76557be56028931ec7f5be38d386a4508774a29d2e3a2336f7b3,77184b4d6aa6beffcdeb26280e2cc500fcd307b87a564de910e9882a6c95fc8e,hx_re01_viewing_confirm,hx_re01_viewing_confirm/s3,,,,,,,
de8e2e4f1f6d76557be56028931ec7f5be38d386a4508774a29d2e3a2336f7b3,77184b4d6aa6beffcdeb26280e2cc500fcd307b87a564de910e9882a6c95fc8e,hx_re01_viewing_confirm,hx_re01_viewing_confirm/s4,,,,,,,
de8e2e4f1f6d76557be56028931ec7f5be38d386a4508774a29d2e3a2336f7b3,77184b4d6aa6beffcdeb26280e2cc500fcd307b87a564de910e9882a6c95fc8e,hx_re01_viewing_confirm,hx_re01_viewing_confirm/s5,,,,,,,
df0bbeb4ecefafb92d2ac22c0be2796a2c1652fd70b2072a9c2450d52f39ef3e,6b1d94afe04a517d0c376265caaa86eefa7ed8a974d139dc98e5206fd4943595,hx_go02_benefits_confirm,hx_go02_benefits_confirm/s1,,,,,,,
df0bbeb4ecefafb92d2ac22c0be2796a2c1652fd70b2072a9c2450d52f39ef3e,6b1d94afe04a517d0c376265caaa86eefa7ed8a974d139dc98e5206fd4943595,hx_go02_benefits_confirm,hx_go02_benefits_confirm/s2,,,,,,,
df0bbeb4ecefafb92d2ac22c0be2796a2c1652fd70b2072a9c2450d52f39ef3e,6b1d94afe04a517d0c376265caaa86eefa7ed8a974d139dc98e5206fd4943595,hx_go02_benefits_confirm,hx_go02_benefits_confirm/s3,,,,,,,
df0bbeb4ecefafb92d2ac22c0be2796a2c1652fd70b2072a9c2450d52f39ef3e,6b1d94afe04a517d0c376265caaa86eefa7ed8a974d139dc98e5206fd4943595,hx_go02_benefits_confirm,hx_go02_benefits_confirm/s4,,,,,,,
df0bbeb4ecefafb92d2ac22c0be2796a2c1652fd70b2072a9c2450d52f39ef3e,6b1d94afe04a517d0c376265caaa86eefa7ed8a974d139dc98e5206fd4943595,hx_go02_benefits_confirm,hx_go02_benefits_confirm/s5,,,,,,,
e15ac02a1843efc5d26af77503a0c98c45eb6fa50945c54cfbb9c1d0bed18e25,78a6df20afb66412f29d95956623b4699e65aa21cc0656b6d493e5f33bf6e8ee,hx_hr02_reference_letter,hx_hr02_reference_letter/s1,,,,,,,
e15ac02a1843efc5d26af77503a0c98c45eb6fa50945c54cfbb9c1d0bed18e25,78a6df20afb66412f29d95956623b4699e65aa21cc0656b6d493e5f33bf6e8ee,hx_hr02_reference_letter,hx_hr02_reference_letter/s2,,,,,,,
e15ac02a1843efc5d26af77503a0c98c45eb6fa50945c54cfbb9c1d0bed18e25,78a6df20afb66412f29d95956623b4699e65aa21cc0656b6d493e5f33bf6e8ee,hx_hr02_reference_letter,hx_hr02_reference_letter/s3,,,,,,,
e15ac02a1843efc5d26af77503a0c98c45eb6fa50945c54cfbb9c1d0bed18e25,78a6df20afb66412f29d95956623b4699e65aa21cc0656b6d493e5f33bf6e8ee,hx_hr02_reference_letter,hx_hr02_reference_letter/s4,,,,,,,
e15ac02a1843efc5d26af77503a0c98c45eb6fa50945c54cfbb9c1d0bed18e25,78a6df20afb66412f29d95956623b4699e65aa21cc0656b6d493e5f33bf6e8ee,hx_hr02_reference_letter,hx_hr02_reference_letter/s5,,,,,,,
e24e865f8e5c06961b1f8f898c8c8128ccd72ee7b3bc2ebeaf8edc123b1a9026,4c8cbc2c9291c92839917778b282a8efc8e22fc44729ee86377ccf7449e6f2db,hx_so02_volunteer_intro,hx_so02_volunteer_intro/s1,,,,,,,
e24e865f8e5c06961b1f8f898c8c8128ccd72ee7b3bc2ebeaf8edc123b1a9026,4c8cbc2c9291c92839917778b282a8efc8e22fc44729ee86377ccf7449e6f2db,hx_so02_volunteer_intro,hx_so02_volunteer_intro/s2,,,,,,,
e24e865f8e5c06961b1f8f898c8c8128ccd72ee7b3bc2ebeaf8edc123b1a9026,4c8cbc2c9291c92839917778b282a8efc8e22fc44729ee86377ccf7449e6f2db,hx_so02_volunteer_intro,hx_so02_volunteer_intro/s3,,,,,,,
e24e865f8e5c06961b1f8f898c8c8128ccd72ee7b3bc2ebeaf8edc123b1a9026,4c8cbc2c9291c92839917778b282a8efc8e22fc44729ee86377ccf7449e6f2db,hx_so02_volunteer_intro,hx_so02_volunteer_intro/s4,,,,,,,
e24e865f8e5c06961b1f8f898c8c8128ccd72ee7b3bc2ebeaf8edc123b1a9026,4c8cbc2c9291c92839917778b282a8efc8e22fc44729ee86377ccf7449e6f2db,hx_so02_volunteer_intro,hx_so02_volunteer_intro/s5,,,,,,,
e9e86e8442603567d3894373dc446a2e484b3e9ef68f0dec7775c1d8961c1b62,b7d01f36f94568095fc90d902042c691b511de9a39f853255881fb86f86f7785,hx_hr01_promotion_announce,hx_hr01_promotion_announce/s1,,,,,,,
e9e86e8442603567d3894373dc446a2e484b3e9ef68f0dec7775c1d8961c1b62,b7d01f36f94568095fc90d902042c691b511de9a39f853255881fb86f86f7785,hx_hr01_promotion_announce,hx_hr01_promotion_announce/s2,,,,,,,
e9e86e8442603567d3894373dc446a2e484b3e9ef68f0dec7775c1d8961c1b62,b7d01f36f94568095fc90d902042c691b511de9a39f853255881fb86f86f7785,hx_hr01_promotion_announce,hx_hr01_promotion_announce/s3,,,,,,,
e9e86e8442603567d3894373dc446a2e484b3e9ef68f0dec7775c1d8961c1b62,b7d01f36f94568095fc90d902042c691b511de9a39f853255881fb86f86f7785,hx_hr01_promotion_announce,hx_hr01_promotion_announce/s4,,,,,,,
e9e86e8442603567d3894373dc446a2e484b3e9ef68f0dec7775c1d8961c1b62,b7d01f36f94568095fc90d902042c691b511de9a39f853255881fb86f86f7785,hx_hr01_promotion_announce,hx_hr01_promotion_announce/s5,,,,,,,
f2c6b9d1b168174fb74404a3477a4e27e9297764ec9de2e81d923d3ecf0f4f9f,4cbb49db78b6de162670f44d7160ebc8e57b869d73a4e2bbdda9b5fe6ee4f4ee,hx_so01_birthday_post,hx_so01_birthday_post/s1,,,,,,,
f2c6b9d1b168174fb74404a3477a4e27e9297764ec9de2e81d923d3ecf0f4f9f,4cbb49db78b6de162670f44d7160ebc8e57b869d73a4e2bbdda9b5fe6ee4f4ee,hx_so01_birthday_post,hx_so01_birthday_post/s2,,,,,,,
f2c6b9d1b168174fb74404a3477a4e27e9297764ec9de2e81d923d3ecf0f4f9f,4cbb49db78b6de162670f44d7160ebc8e57b869d73a4e2bbdda9b5fe6ee4f4ee,hx_so01_birthday_post,hx_so01_birthday_post/s3,,,,,,,
f2c6b9d1b168174fb74404a3477a4e27e9297764ec9de2e81d923d3ecf0f4f9f,4cbb49db78b6de162670f44d7160ebc8e57b869d73a4e2bbdda9b5fe6ee4f4ee,hx_so01_birthday_post,hx_so01_birthday_post/s4,,,,,,,
f2c6b9d1b168174fb74404a3477a4e27e9297764ec9de2e81d923d3ecf0f4f9f,4cbb49db78b6de162670f44d7160ebc8e57b869d73a4e2bbdda9b5fe6ee4f4ee,hx_so01_birthday_post,hx_so01_birthday_post/s5,,,,,,,
f6a7d258bd5be238d1587c868a04dea7a5cad9aeba352ce257cd6305e2a614b3,cdc108b94d09ea048b62c895bf2dd0c135e0bb4d1b046d680edd60a3fc2d7362,hx_le01_settlement_email,hx_le01_settlement_email/s1,,,,,,,
f6a7d258bd5be238d1587c868a04dea7a5cad9aeba352ce257cd6305e2a614b3,cdc108b94d09ea048b62c895bf2dd0c135e0bb4d1b046d680edd60a3fc2d7362,hx_le01_settlement_email,hx_le01_settlement_email/s2,,,,,,,
f6a7d258bd5be238d1587c868a04dea7a5cad9aeba352ce257cd6305e2a614b3,cdc108b94d09ea048b62c895bf2dd0c135e0bb4d1b046d680edd60a3fc2d7362,hx_le01_settlement_email,hx_le01_settlement_email/s3,,,,,,,
f6a7d258bd5be238d1587c868a04dea7a5cad9aeba352ce257cd6305e2a614b3,cdc108b94d09ea048b62c895bf2dd0c135e0bb4d1b046d680edd60a3fc2d7362,hx_le01_settlement_email,hx_le01_settlement_email/s4,,,,,,,
f6a7d258bd5be238d1587c868a04dea7a5cad9aeba352ce257cd6305e2a614b3,cdc108b94d09ea048b62c895bf2dd0c135e0bb4d1b046d680edd60a3fc2d7362,hx_le01_settlement_email,hx_le01_settlement_email/s5,,,,,,,
fb025471bcf7c930c03099bb1201a94bf1f700adf52ae224197ed0ac01533966,e9cfffdcf08fe79d433d6ca1886d2289c57e1ff8cb2b05ce59519f792f5e94cd,ht_ins01_claim_justification,ht_ins01_claim_justification/s1,,,,,,,
fb025471bcf7c930c03099bb1201a94bf1f700adf52ae224197ed0ac01533966,e9cfffdcf08fe79d433d6ca1886d2289c57e1ff8cb2b05ce59519f792f5e94cd,ht_ins01_claim_justification,ht_ins01_claim_justification/s2,,,,,,,
fb025471bcf7c930c03099bb1201a94bf1f700adf52ae224197ed0ac01533966,e9cfffdcf08fe79d433d6ca1886d2289c57e1ff8cb2b05ce59519f792f5e94cd,ht_ins01_claim_justification,ht_ins01_claim_justification/s3,,,,,,,
fb025471bcf7c930c03099bb1201a94bf1f700adf52ae224197ed0ac01533966,e9cfffdcf08fe79d433d6ca1886d2289c57e1ff8cb2b05ce59519f792f5e94cd,ht_ins01_claim_justification,ht_ins01_claim_justification/s4,,,,,,,
fb025471bcf7c930c03099bb1201a94bf1f700adf52ae224197ed0ac01533966,e9cfffdcf08fe79d433d6ca1886d2289c57e1ff8cb2b05ce59519f792f5e94cd,ht_ins01_claim_justification,ht_ins01_claim_justification/s5,,,,,,,
